﻿<?xml version="1.0" encoding="utf-8"?>
<deployment>
  <id>e0add0c0-9f9d-4d50-8421-003082c6c27d</id>
  <author>N/A</author>
  <deployer>OneDeploy</deployer>
  <authorEmail>N/A</authorEmail>
  <message>OneDeploy</message>
  <progress></progress>
  <status>Success</status>
  <statusText></statusText>
  <lastSuccessEndTime>2025-12-04T08:49:14.8834732Z</lastSuccessEndTime>
  <receivedTime>2025-12-04T08:49:02.647557Z</receivedTime>
  <startTime>2025-12-04T08:49:04.2313266Z</startTime>
  <endTime>2025-12-04T08:49:14.8834732Z</endTime>
  <complete>True</complete>
  <is_temp>False</is_temp>
  <is_readonly>True</is_readonly>
  <buildSummary />
</deployment>