<step title="Incoming Request" date="2025-11-04T12:53:30.760" instance="d9fa23" url="/api/deployments/latest?deployer=ms-azuretools-vscode&amp;time=2025-11-04_12-52-07Z" method="GET" type="request" pid="831,1,34" Host="talondesign-h5ayfddtfbdmb8ap.scm.uksouth-01.azurewebsites.net" User-Agent="vscode-azureappservice/0.26.4 core-rest-pipeline/1.20.0 Node/22.19.0 OS/(x64-Windows_NT-10.0.26200)" Accept-Encoding="gzip,deflate" Accept-Language="en" Authorization="Bea..." x-ms-correlation-request-id="80551a69-5946-42e7-86a9-afa351ec6184" x-ms-client-request-id="d2481290-5e84-46aa-aa32-39247a1fa16b" X-ARR-LOG-ID="d2481290-5e84-46aa-aa32-39247a1fa16b" CLIENT-IP="84.247.42.125:58778" X-SITE-DEPLOYMENT-ID="talondesign" WAS-DEFAULT-HOSTNAME="talondesign-h5ayfddtfbdmb8ap.scm.uksouth-01.azurewebsites.net" X-Forwarded-Proto="https" X-AppService-Proto="https" X-Forwarded-TlsVersion="1.3" X-WAWS-Unencoded-URL="/api/deployments/latest?deployer=ms-azuretools-vscode&amp;time=2025-11-04_12-52-07Z" X-Client-IP="84.247.42.125" X-Client-Port="58778" >
  <step title="Cleanup Xml Logs" date="2025-11-04T12:53:30.780" >
    <step title="Cleanup Infos" date="2025-11-04T12:53:30.801" totalFiles="398" totalCleanup="238" /><!-- duration: 28ms -->
  </step><!-- duration: 60ms -->
  <step title="DeploymentService.GetResult" date="2025-11-04T12:53:30.851" >
    <step title="DeploymentService.GetLatestDeployment" date="2025-11-04T12:53:30.852" >
      <step title="DeploymentManager.GetResults" date="2025-11-04T12:53:30.861" /><!-- duration: 242ms -->
    </step><!-- duration: 261ms -->
  </step><!-- duration: 272ms -->
  <step title="Outgoing response" date="2025-11-04T12:53:31.134" type="response" statusCode="202" statusText="Accepted" /><!-- duration: 8ms -->
</step><!-- duration: 384ms -->
