<step title="Incoming Request" date="2025-11-04T12:12:13.942" instance="d9fa23" url="/api/deployments/latest?deployer=ms-azuretools-vscode&amp;time=2025-11-04_12-09-17Z" method="GET" type="request" pid="831,1,27" Host="talondesign-h5ayfddtfbdmb8ap.scm.uksouth-01.azurewebsites.net" User-Agent="vscode-azureappservice/0.26.4 core-rest-pipeline/1.20.0 Node/22.19.0 OS/(x64-Windows_NT-10.0.26200)" Accept-Encoding="gzip,deflate" Accept-Language="en" Authorization="Bea..." x-ms-correlation-request-id="d45b74d0-cf1c-42dc-99e1-7db4d11f2dde" x-ms-client-request-id="a8038f5a-b8e2-47de-9928-a5351318afb8" X-ARR-LOG-ID="a8038f5a-b8e2-47de-9928-a5351318afb8" CLIENT-IP="84.247.42.125:27986" X-SITE-DEPLOYMENT-ID="talondesign" WAS-DEFAULT-HOSTNAME="talondesign-h5ayfddtfbdmb8ap.scm.uksouth-01.azurewebsites.net" X-Forwarded-Proto="https" X-AppService-Proto="https" X-Forwarded-TlsVersion="1.3" X-WAWS-Unencoded-URL="/api/deployments/latest?deployer=ms-azuretools-vscode&amp;time=2025-11-04_12-09-17Z" X-Client-IP="84.247.42.125" X-Client-Port="27986" >
  <step title="Cleanup Xml Logs" date="2025-11-04T12:12:13.945" >
    <step title="Cleanup Infos" date="2025-11-04T12:12:13.993" totalFiles="204" totalCleanup="44" /><!-- duration: 21ms -->
  </step><!-- duration: 81ms -->
  <step title="DeploymentService.GetResult" date="2025-11-04T12:12:14.073" >
    <step title="DeploymentService.GetLatestDeployment" date="2025-11-04T12:12:14.075" >
      <step title="DeploymentManager.GetResults" date="2025-11-04T12:12:14.083" /><!-- duration: 251ms -->
    </step><!-- duration: 281ms -->
  </step><!-- duration: 284ms -->
  <step title="Outgoing response" date="2025-11-04T12:12:14.404" type="response" statusCode="202" statusText="Accepted" /><!-- duration: 2ms -->
</step><!-- duration: 473ms -->
