<step title="Incoming Request" date="2025-11-04T12:53:44.791" instance="d9fa23" url="/api/deployments/latest?deployer=ms-azuretools-vscode&amp;time=2025-11-04_12-52-07Z" method="GET" type="request" pid="831,1,34" Host="talondesign-h5ayfddtfbdmb8ap.scm.uksouth-01.azurewebsites.net" User-Agent="vscode-azureappservice/0.26.4 core-rest-pipeline/1.20.0 Node/22.19.0 OS/(x64-Windows_NT-10.0.26200)" Accept-Encoding="gzip,deflate" Accept-Language="en" Authorization="Bea..." x-ms-correlation-request-id="80551a69-5946-42e7-86a9-afa351ec6184" x-ms-client-request-id="d918ab65-775f-4049-99ea-78b3de163e55" X-ARR-LOG-ID="d918ab65-775f-4049-99ea-78b3de163e55" CLIENT-IP="84.247.42.125:25444" X-SITE-DEPLOYMENT-ID="talondesign" WAS-DEFAULT-HOSTNAME="talondesign-h5ayfddtfbdmb8ap.scm.uksouth-01.azurewebsites.net" X-Forwarded-Proto="https" X-AppService-Proto="https" X-Forwarded-TlsVersion="1.3" X-WAWS-Unencoded-URL="/api/deployments/latest?deployer=ms-azuretools-vscode&amp;time=2025-11-04_12-52-07Z" X-Client-IP="84.247.42.125" X-Client-Port="25444" >
  <step title="Cleanup Xml Logs" date="2025-11-04T12:53:44.802" >
    <step title="Cleanup Infos" date="2025-11-04T12:53:44.824" totalFiles="416" totalCleanup="256" /><!-- duration: 20ms -->
  </step><!-- duration: 61ms -->
  <step title="DeploymentService.GetResult" date="2025-11-04T12:53:44.882" >
    <step title="DeploymentService.GetLatestDeployment" date="2025-11-04T12:53:44.884" >
      <step title="DeploymentManager.GetResults" date="2025-11-04T12:53:44.892" /><!-- duration: 201ms -->
    </step><!-- duration: 220ms -->
  </step><!-- duration: 223ms -->
  <step title="Outgoing response" date="2025-11-04T12:53:45.114" type="response" statusCode="202" statusText="Accepted" /><!-- duration: 10ms -->
</step><!-- duration: 334ms -->
