<step title="Incoming Request" date="2025-11-04T12:12:28.102" instance="d9fa23" url="/api/deployments/latest?deployer=ms-azuretools-vscode&amp;time=2025-11-04_12-09-17Z" method="GET" type="request" pid="831,1,26" Host="talondesign-h5ayfddtfbdmb8ap.scm.uksouth-01.azurewebsites.net" User-Agent="vscode-azureappservice/0.26.4 core-rest-pipeline/1.20.0 Node/22.19.0 OS/(x64-Windows_NT-10.0.26200)" Accept-Encoding="gzip,deflate" Accept-Language="en" Authorization="Bea..." x-ms-correlation-request-id="d45b74d0-cf1c-42dc-99e1-7db4d11f2dde" x-ms-client-request-id="d54a5abf-7156-4aa7-8d61-d792b64dd461" X-ARR-LOG-ID="d54a5abf-7156-4aa7-8d61-d792b64dd461" CLIENT-IP="84.247.42.125:38744" X-SITE-DEPLOYMENT-ID="talondesign" WAS-DEFAULT-HOSTNAME="talondesign-h5ayfddtfbdmb8ap.scm.uksouth-01.azurewebsites.net" X-Forwarded-Proto="https" X-AppService-Proto="https" X-Forwarded-TlsVersion="1.3" X-WAWS-Unencoded-URL="/api/deployments/latest?deployer=ms-azuretools-vscode&amp;time=2025-11-04_12-09-17Z" X-Client-IP="84.247.42.125" X-Client-Port="38744" >
  <step title="Cleanup Xml Logs" date="2025-11-04T12:12:28.120" >
    <step title="Cleanup Infos" date="2025-11-04T12:12:28.152" totalFiles="219" totalCleanup="59" /><!-- duration: 20ms -->
  </step><!-- duration: 73ms -->
  <step title="DeploymentService.GetResult" date="2025-11-04T12:12:28.242" >
    <step title="DeploymentService.GetLatestDeployment" date="2025-11-04T12:12:28.243" >
      <step title="DeploymentManager.GetResults" date="2025-11-04T12:12:28.281" /><!-- duration: 304ms -->
    </step><!-- duration: 400ms -->
  </step><!-- duration: 404ms -->
  <step title="Outgoing response" date="2025-11-04T12:12:28.694" type="response" statusCode="202" statusText="Accepted" /><!-- duration: 39ms -->
</step><!-- duration: 663ms -->
