<step title="Incoming Request" date="2025-11-04T12:13:18.474" instance="d9fa23" url="/api/deployments/latest?deployer=ms-azuretools-vscode&amp;time=2025-11-04_12-09-17Z" method="GET" type="request" pid="831,1,25" Host="talondesign-h5ayfddtfbdmb8ap.scm.uksouth-01.azurewebsites.net" User-Agent="vscode-azureappservice/0.26.4 core-rest-pipeline/1.20.0 Node/22.19.0 OS/(x64-Windows_NT-10.0.26200)" Accept-Encoding="gzip,deflate" Accept-Language="en" Authorization="Bea..." x-ms-correlation-request-id="d45b74d0-cf1c-42dc-99e1-7db4d11f2dde" x-ms-client-request-id="90d22ba0-d584-47c8-b646-f28db01fd50a" X-ARR-LOG-ID="90d22ba0-d584-47c8-b646-f28db01fd50a" CLIENT-IP="84.247.42.125:42348" X-SITE-DEPLOYMENT-ID="talondesign" WAS-DEFAULT-HOSTNAME="talondesign-h5ayfddtfbdmb8ap.scm.uksouth-01.azurewebsites.net" X-Forwarded-Proto="https" X-AppService-Proto="https" X-Forwarded-TlsVersion="1.3" X-WAWS-Unencoded-URL="/api/deployments/latest?deployer=ms-azuretools-vscode&amp;time=2025-11-04_12-09-17Z" X-Client-IP="84.247.42.125" X-Client-Port="42348" >
  <step title="Cleanup Xml Logs" date="2025-11-04T12:13:18.482" >
    <step title="Cleanup Infos" date="2025-11-04T12:13:18.504" totalFiles="282" totalCleanup="122" /><!-- duration: 11ms -->
  </step><!-- duration: 41ms -->
  <step title="DeploymentService.GetResult" date="2025-11-04T12:13:18.534" >
    <step title="DeploymentService.GetLatestDeployment" date="2025-11-04T12:13:18.536" >
      <step title="DeploymentManager.GetResults" date="2025-11-04T12:13:18.544" /><!-- duration: 353ms -->
    </step><!-- duration: 370ms -->
  </step><!-- duration: 374ms -->
  <step title="Outgoing response" date="2025-11-04T12:13:18.916" type="response" statusCode="202" statusText="Accepted" /><!-- duration: 8ms -->
</step><!-- duration: 453ms -->
