<step title="Incoming Request" date="2025-11-04T12:13:25.629" instance="d9fa23" url="/api/deployments/latest?deployer=ms-azuretools-vscode&amp;time=2025-11-04_12-09-17Z" method="GET" type="request" pid="831,1,25" Host="talondesign-h5ayfddtfbdmb8ap.scm.uksouth-01.azurewebsites.net" User-Agent="vscode-azureappservice/0.26.4 core-rest-pipeline/1.20.0 Node/22.19.0 OS/(x64-Windows_NT-10.0.26200)" Accept-Encoding="gzip,deflate" Accept-Language="en" Authorization="Bea..." x-ms-correlation-request-id="d45b74d0-cf1c-42dc-99e1-7db4d11f2dde" x-ms-client-request-id="2a6ff4b8-f93c-413f-9b8c-8ceff5786e4f" X-ARR-LOG-ID="2a6ff4b8-f93c-413f-9b8c-8ceff5786e4f" CLIENT-IP="84.247.42.125:44764" X-SITE-DEPLOYMENT-ID="talondesign" WAS-DEFAULT-HOSTNAME="talondesign-h5ayfddtfbdmb8ap.scm.uksouth-01.azurewebsites.net" X-Forwarded-Proto="https" X-AppService-Proto="https" X-Forwarded-TlsVersion="1.3" X-WAWS-Unencoded-URL="/api/deployments/latest?deployer=ms-azuretools-vscode&amp;time=2025-11-04_12-09-17Z" X-Client-IP="84.247.42.125" X-Client-Port="44764" >
  <step title="Cleanup Xml Logs" date="2025-11-04T12:13:25.631" >
    <step title="Cleanup Infos" date="2025-11-04T12:13:25.681" totalFiles="291" totalCleanup="131" /><!-- duration: 10ms -->
  </step><!-- duration: 70ms -->
  <step title="DeploymentService.GetResult" date="2025-11-04T12:13:25.720" >
    <step title="DeploymentService.GetLatestDeployment" date="2025-11-04T12:13:25.722" >
      <step title="DeploymentManager.GetResults" date="2025-11-04T12:13:25.731" /><!-- duration: 252ms -->
    </step><!-- duration: 271ms -->
  </step><!-- duration: 282ms -->
  <step title="Outgoing response" date="2025-11-04T12:13:26.012" type="response" statusCode="202" statusText="Accepted" /><!-- duration: 12ms -->
</step><!-- duration: 415ms -->
