<step title="Incoming Request" date="2025-11-04T12:53:37.713" instance="d9fa23" url="/api/deployments/latest?deployer=ms-azuretools-vscode&amp;time=2025-11-04_12-52-07Z" method="GET" type="request" pid="831,1,27" Host="talondesign-h5ayfddtfbdmb8ap.scm.uksouth-01.azurewebsites.net" User-Agent="vscode-azureappservice/0.26.4 core-rest-pipeline/1.20.0 Node/22.19.0 OS/(x64-Windows_NT-10.0.26200)" Accept-Encoding="gzip,deflate" Accept-Language="en" Authorization="Bea..." x-ms-correlation-request-id="80551a69-5946-42e7-86a9-afa351ec6184" x-ms-client-request-id="357202f5-c241-44e2-83d3-eab0ed4918dc" X-ARR-LOG-ID="357202f5-c241-44e2-83d3-eab0ed4918dc" CLIENT-IP="84.247.42.125:35886" X-SITE-DEPLOYMENT-ID="talondesign" WAS-DEFAULT-HOSTNAME="talondesign-h5ayfddtfbdmb8ap.scm.uksouth-01.azurewebsites.net" X-Forwarded-Proto="https" X-AppService-Proto="https" X-Forwarded-TlsVersion="1.3" X-WAWS-Unencoded-URL="/api/deployments/latest?deployer=ms-azuretools-vscode&amp;time=2025-11-04_12-52-07Z" X-Client-IP="84.247.42.125" X-Client-Port="35886" >
  <step title="Cleanup Xml Logs" date="2025-11-04T12:53:37.735" >
    <step title="Cleanup Infos" date="2025-11-04T12:53:37.783" totalFiles="407" totalCleanup="247" /><!-- duration: 11ms -->
  </step><!-- duration: 61ms -->
  <step title="DeploymentService.GetResult" date="2025-11-04T12:53:37.815" >
    <step title="DeploymentService.GetLatestDeployment" date="2025-11-04T12:53:37.823" >
      <step title="DeploymentManager.GetResults" date="2025-11-04T12:53:37.833" /><!-- duration: 252ms -->
    </step><!-- duration: 272ms -->
  </step><!-- duration: 282ms -->
  <step title="Outgoing response" date="2025-11-04T12:53:38.107" type="response" statusCode="202" statusText="Accepted" /><!-- duration: 8ms -->
</step><!-- duration: 404ms -->
