<step title="BackgroundTrace" date="2025-11-04T12:52:07.540" instance="d9fa23" url="/api/zipdeploy" method="POST" >
  <step title="Cleanup Xml Logs" date="2025-11-04T12:52:07.542" >
    <step title="Cleanup Infos" date="2025-11-04T12:52:07.550" totalFiles="304" totalCleanup="144" /><!-- duration: 3ms -->
  </step><!-- duration: 13ms -->
  <step title="Creating temporary deployment - FetchDeploymentManager" date="2025-11-04T12:52:07.707" /><!-- duration: 2ms -->
  <step title="Creating temporary deployment" date="2025-11-04T12:52:07.711" /><!-- duration: 116ms -->
  <step title="Performing fetch based deployment" date="2025-11-04T12:52:07.888" >
    <step title="Cleaning up temp folders from previous zip deployments and extracting pushed zip file /tmp/zipdeploy/6451445b-01b7-4969-8ebe-35646a38b3dc.zip (2062.45 MB) to /tmp/zipdeploy/extracted" date="2025-11-04T12:52:09.069" >
      <step title="ChmodRecursive Process exited with total time taken in ms: 701" date="2025-11-04T12:55:56.540" /><!-- duration: 20ms -->
    </step><!-- duration: 227549ms -->
    <step title="Deployment timer started" date="2025-11-04T12:55:58.660" >
      <step title="DeploymentManager.Deploy(id:17d9c0cc-7bca-4b2a-b154-1ea7aa8011ee)" date="2025-11-04T12:55:58.664" >
        <step title="Collecting changeset information" date="2025-11-04T12:55:58.720" /><!-- duration: 141ms -->
        <step title="Updating submodules" date="2025-11-04T12:55:58.866" /><!-- duration: 1105ms -->
        <step title="Determining deployment builder" date="2025-11-04T12:56:00.218" >
          <step title="Builder is OryxBuilder" date="2025-11-04T12:56:00.247" /><!-- duration: 2ms -->
        </step><!-- duration: 33ms -->
        <step title="PreDeployment: context.CleanOutputPath False" date="2025-11-04T12:56:00.313" >
          <step title="PreDeployment: context.OutputPath /home/site/wwwroot" date="2025-11-04T12:56:00.415" >
            <step title="Building" date="2025-11-04T12:56:00.550" >
              <step title="Executing external process" date="2025-11-04T12:56:00.957" type="process" path="bash" arguments="-c &quot;oryx build /tmp/zipdeploy/extracted -o /home/site/wwwroot --platform nodejs --platform-version 22 -p virtualenv_name= --log-file /tmp/build-debug.log  -i /tmp/8de1ba18115f53d -p compress_node_modules=tar-gz | tee /tmp/oryx-build.log ; exit $PIPESTATUS &quot;" >
                <step title="Cpu: rsync(1847,0.000s)+rsync(1846,0.010s)+rsync(1845,13.490s)+build.sh(1840,0.000s)+oryx(1816,11.670s)+tee(1818,0.000s)+bash(1815,0.000s)=total(25.160s)" date="2025-11-04T12:57:23.901" /><!-- duration: 72ms -->
                <step title="bash: no io activity for 60s, prev-cpu=-1.000s, current-cpu=25.160s" date="2025-11-04T12:57:24.021" /><!-- duration: 100ms -->
                <step title="Cpu: rsync(1847,12.160s)+rsync(1846,0.080s)+rsync(1845,25.740s)+build.sh(1840,0.000s)+oryx(1816,11.740s)+tee(1818,0.000s)+bash(1815,0.000s)=total(49.720s)" date="2025-11-04T12:58:24.640" /><!-- duration: 9ms -->
                <step title="bash: no io activity for 121s, prev-cpu=25.160s, current-cpu=49.720s" date="2025-11-04T12:58:24.672" /><!-- duration: 28ms -->
                <step title="Cpu: rsync(1847,25.320s)+rsync(1846,0.080s)+rsync(1845,37.580s)+build.sh(1840,0.000s)+oryx(1816,11.800s)+tee(1818,0.000s)+bash(1815,0.000s)=total(74.780s)" date="2025-11-04T12:59:25.558" /><!-- duration: 11ms -->
                <step title="bash: no io activity for 182s, prev-cpu=49.720s, current-cpu=74.780s" date="2025-11-04T12:59:25.608" /><!-- duration: 20ms -->
                <step title="Process dump" date="2025-11-04T12:59:28.872" exitCode="10" type="processOutput" /><!-- duration: 4ms -->
              </step><!-- duration: 207956ms -->
              <step title="Error occurred" date="2025-11-04T12:59:28.988" type="error" text="rsync: [receiver] write failed on &quot;/tmp/8de1ba18115f53d/nav-app/.angular/cache/14.2.9/angular-webpack/a3404268cf3d5a10aba075b35b963c5fa3c688ed/0.pack&quot;: No space left on device (28)
rsync error: error in file IO (code 11) at receiver.c(381) [receiver=3.2.7]
rsync: [sender] write error: Broken pipe (32)
rsync error: error in socket IO (code 10) at io.c(849) [sender=3.2.7]
rsync: [generator] write error: Broken pipe (32)
/bin/bash -c &quot;oryx build /tmp/zipdeploy/extracted -o /home/site/wwwroot --platform nodejs --platform-version 22 -p virtualenv_name= --log-file /tmp/build-debug.log  -i /tmp/8de1ba18115f53d -p compress_node_modules=tar-gz | tee /tmp/oryx-build.log ; exit $PIPESTATUS &quot;" stackTrace="   at Kudu.Core.Infrastructure.Executable.ExecuteInternal(ITracer tracer, Func`2 onWriteOutput, Func`2 onWriteError, CancellationToken token, Encoding encoding, String arguments, Object[] args) in /tmp/KuduLite/Kudu.Core/Infrastructure/Executable.cs:line 239
   at Kudu.Core.Infrastructure.Executable.ExecuteWithProgressWriter(ILogger logger, ITracer tracer, CancellationToken token, String arguments, Object[] args) in /tmp/KuduLite/Kudu.Core/Infrastructure/Executable.cs:line 118
   at Kudu.Core.Deployment.Generator.ExternalCommandBuilder.RunCommand(DeploymentContext context, String command, Boolean ignoreManifest, CancellationToken token, String message) in /tmp/KuduLite/Kudu.Core/Deployment/Generator/ExternalCommandBuilder.cs:line 122" /><!-- duration: 14ms -->
              <step title="Error occurred" date="2025-11-04T12:59:29.105" type="error" text="rsync: [receiver] write failed on &quot;/tmp/8de1ba18115f53d/nav-app/.angular/cache/14.2.9/angular-webpack/a3404268cf3d5a10aba075b35b963c5fa3c688ed/0.pack&quot;: No space left on device (28)
rsync error: error in file IO (code 11) at receiver.c(381) [receiver=3.2.7]
rsync: [sender] write error: Broken pipe (32)
rsync error: error in socket IO (code 10) at io.c(849) [sender=3.2.7]
rsync: [generator] write error: Broken pipe (32)
/bin/bash -c &quot;oryx build /tmp/zipdeploy/extracted -o /home/site/wwwroot --platform nodejs --platform-version 22 -p virtualenv_name= --log-file /tmp/build-debug.log  -i /tmp/8de1ba18115f53d -p compress_node_modules=tar-gz | tee /tmp/oryx-build.log ; exit $PIPESTATUS &quot;" stackTrace="   at Kudu.Core.Infrastructure.Executable.ExecuteInternal(ITracer tracer, Func`2 onWriteOutput, Func`2 onWriteError, CancellationToken token, Encoding encoding, String arguments, Object[] args) in /tmp/KuduLite/Kudu.Core/Infrastructure/Executable.cs:line 239
   at Kudu.Core.Infrastructure.Executable.ExecuteWithProgressWriter(ILogger logger, ITracer tracer, CancellationToken token, String arguments, Object[] args) in /tmp/KuduLite/Kudu.Core/Infrastructure/Executable.cs:line 118
   at Kudu.Core.Deployment.Generator.ExternalCommandBuilder.RunCommand(DeploymentContext context, String command, Boolean ignoreManifest, CancellationToken token, String message) in /tmp/KuduLite/Kudu.Core/Deployment/Generator/ExternalCommandBuilder.cs:line 122
   at Kudu.Core.Deployment.Generator.OryxBuilder.RunBuildCommand(IOryxArguments args, DeploymentContext context, CancellationToken token) in /tmp/KuduLite/Kudu.Core/Deployment/Generator/OryxBuilder.cs:line 295
   at Kudu.Core.Deployment.Generator.OryxBuilder.Build(DeploymentContext context, CancellationToken token) in /tmp/KuduLite/Kudu.Core/Deployment/Generator/OryxBuilder.cs:line 136
   at Kudu.Core.Deployment.DeploymentManager.Build(ChangeSet changeSet, ITracer tracer, IDisposable deployStep, IRepository repository, DeploymentInfoBase deploymentInfo, DeploymentAnalytics deploymentAnalytics, Boolean fullBuildByDefault, CancellationToken cancellationToken) in /tmp/KuduLite/Kudu.Core/Deployment/DeploymentManager.cs:line 771" /><!-- duration: 3ms -->
              <step title="Using GenericDeploymentLogParser" date="2025-11-04T12:59:29.610" /><!-- duration: 3ms -->
              <step title="Purge deployment items" date="2025-11-04T12:59:31.242" >
                <step title="Remove ccc47e90-, Failed, received at 11/04/2025 12:13:29" date="2025-11-04T12:59:31.300" /><!-- duration: 2ms -->
              </step><!-- duration: 63ms -->
            </step><!-- duration: 210767ms -->
          </step><!-- duration: 210908ms -->
          <step title="Error occurred" date="2025-11-04T12:59:31.325" type="error" text="rsync: [receiver] write failed on &quot;/tmp/8de1ba18115f53d/nav-app/.angular/cache/14.2.9/angular-webpack/a3404268cf3d5a10aba075b35b963c5fa3c688ed/0.pack&quot;: No space left on device (28)
rsync error: error in file IO (code 11) at receiver.c(381) [receiver=3.2.7]
rsync: [sender] write error: Broken pipe (32)
rsync error: error in socket IO (code 10) at io.c(849) [sender=3.2.7]
rsync: [generator] write error: Broken pipe (32)
/bin/bash -c &quot;oryx build /tmp/zipdeploy/extracted -o /home/site/wwwroot --platform nodejs --platform-version 22 -p virtualenv_name= --log-file /tmp/build-debug.log  -i /tmp/8de1ba18115f53d -p compress_node_modules=tar-gz | tee /tmp/oryx-build.log ; exit $PIPESTATUS &quot;" stackTrace="   at Kudu.Core.Infrastructure.Executable.ExecuteInternal(ITracer tracer, Func`2 onWriteOutput, Func`2 onWriteError, CancellationToken token, Encoding encoding, String arguments, Object[] args) in /tmp/KuduLite/Kudu.Core/Infrastructure/Executable.cs:line 239
   at Kudu.Core.Infrastructure.Executable.ExecuteWithProgressWriter(ILogger logger, ITracer tracer, CancellationToken token, String arguments, Object[] args) in /tmp/KuduLite/Kudu.Core/Infrastructure/Executable.cs:line 118
   at Kudu.Core.Deployment.Generator.ExternalCommandBuilder.RunCommand(DeploymentContext context, String command, Boolean ignoreManifest, CancellationToken token, String message) in /tmp/KuduLite/Kudu.Core/Deployment/Generator/ExternalCommandBuilder.cs:line 122
   at Kudu.Core.Deployment.Generator.OryxBuilder.RunBuildCommand(IOryxArguments args, DeploymentContext context, CancellationToken token) in /tmp/KuduLite/Kudu.Core/Deployment/Generator/OryxBuilder.cs:line 295
   at Kudu.Core.Deployment.Generator.OryxBuilder.Build(DeploymentContext context, CancellationToken token) in /tmp/KuduLite/Kudu.Core/Deployment/Generator/OryxBuilder.cs:line 136
   at Kudu.Core.Deployment.DeploymentManager.Build(ChangeSet changeSet, ITracer tracer, IDisposable deployStep, IRepository repository, DeploymentInfoBase deploymentInfo, DeploymentAnalytics deploymentAnalytics, Boolean fullBuildByDefault, CancellationToken cancellationToken) in /tmp/KuduLite/Kudu.Core/Deployment/DeploymentManager.cs:line 771
   at Kudu.Core.Deployment.DeploymentManager.Build(ChangeSet changeSet, ITracer tracer, IDisposable deployStep, IRepository repository, DeploymentInfoBase deploymentInfo, DeploymentAnalytics deploymentAnalytics, Boolean fullBuildByDefault, CancellationToken cancellationToken) in /tmp/KuduLite/Kudu.Core/Deployment/DeploymentManager.cs:line 840" /><!-- duration: 3ms -->
          <step title="Cleaning up temp files" date="2025-11-04T12:59:31.409" /><!-- duration: 230ms -->
          <step title="Cleaning up temp files" date="2025-11-04T12:59:31.642" /><!-- duration: 521ms -->
          <step title="Error occurred" date="2025-11-04T12:59:32.203" type="error" text="rsync: [receiver] write failed on &quot;/tmp/8de1ba18115f53d/nav-app/.angular/cache/14.2.9/angular-webpack/a3404268cf3d5a10aba075b35b963c5fa3c688ed/0.pack&quot;: No space left on device (28)
rsync error: error in file IO (code 11) at receiver.c(381) [receiver=3.2.7]
rsync: [sender] write error: Broken pipe (32)
rsync error: error in socket IO (code 10) at io.c(849) [sender=3.2.7]
rsync: [generator] write error: Broken pipe (32)
/bin/bash -c &quot;oryx build /tmp/zipdeploy/extracted -o /home/site/wwwroot --platform nodejs --platform-version 22 -p virtualenv_name= --log-file /tmp/build-debug.log  -i /tmp/8de1ba18115f53d -p compress_node_modules=tar-gz | tee /tmp/oryx-build.log ; exit $PIPESTATUS &quot;" stackTrace="   at Kudu.Core.Infrastructure.Executable.ExecuteInternal(ITracer tracer, Func`2 onWriteOutput, Func`2 onWriteError, CancellationToken token, Encoding encoding, String arguments, Object[] args) in /tmp/KuduLite/Kudu.Core/Infrastructure/Executable.cs:line 239
   at Kudu.Core.Infrastructure.Executable.ExecuteWithProgressWriter(ILogger logger, ITracer tracer, CancellationToken token, String arguments, Object[] args) in /tmp/KuduLite/Kudu.Core/Infrastructure/Executable.cs:line 118
   at Kudu.Core.Deployment.Generator.ExternalCommandBuilder.RunCommand(DeploymentContext context, String command, Boolean ignoreManifest, CancellationToken token, String message) in /tmp/KuduLite/Kudu.Core/Deployment/Generator/ExternalCommandBuilder.cs:line 122
   at Kudu.Core.Deployment.Generator.OryxBuilder.RunBuildCommand(IOryxArguments args, DeploymentContext context, CancellationToken token) in /tmp/KuduLite/Kudu.Core/Deployment/Generator/OryxBuilder.cs:line 295
   at Kudu.Core.Deployment.Generator.OryxBuilder.Build(DeploymentContext context, CancellationToken token) in /tmp/KuduLite/Kudu.Core/Deployment/Generator/OryxBuilder.cs:line 136
   at Kudu.Core.Deployment.DeploymentManager.Build(ChangeSet changeSet, ITracer tracer, IDisposable deployStep, IRepository repository, DeploymentInfoBase deploymentInfo, DeploymentAnalytics deploymentAnalytics, Boolean fullBuildByDefault, CancellationToken cancellationToken) in /tmp/KuduLite/Kudu.Core/Deployment/DeploymentManager.cs:line 771
   at Kudu.Core.Deployment.DeploymentManager.Build(ChangeSet changeSet, ITracer tracer, IDisposable deployStep, IRepository repository, DeploymentInfoBase deploymentInfo, DeploymentAnalytics deploymentAnalytics, Boolean fullBuildByDefault, CancellationToken cancellationToken) in /tmp/KuduLite/Kudu.Core/Deployment/DeploymentManager.cs:line 840
   at Kudu.Core.Deployment.DeploymentManager.DeployAsync(IRepository repository, ChangeSet changeSet, String deployer, Boolean clean, DeploymentInfoBase deploymentInfo, Boolean needFileUpdate, Boolean fullBuildByDefault) in /tmp/KuduLite/Kudu.Core/Deployment/DeploymentManager.cs:line 266" /><!-- duration: 3ms -->
        </step><!-- duration: 211919ms -->
        <step title="Reloading status file with latest updates" date="2025-11-04T12:59:32.304" >
          <step title="WebHooksManager.PublishEventAsync: PostDeployment" date="2025-11-04T12:59:32.321" /><!-- duration: 72ms -->
        </step><!-- duration: 91ms -->
        <step title="Error occurred" date="2025-11-04T12:59:32.398" type="error" text="rsync: [receiver] write failed on &quot;/tmp/8de1ba18115f53d/nav-app/.angular/cache/14.2.9/angular-webpack/a3404268cf3d5a10aba075b35b963c5fa3c688ed/0.pack&quot;: No space left on device (28)
rsync error: error in file IO (code 11) at receiver.c(381) [receiver=3.2.7]
rsync: [sender] write error: Broken pipe (32)
rsync error: error in socket IO (code 10) at io.c(849) [sender=3.2.7]
rsync: [generator] write error: Broken pipe (32)
/bin/bash -c &quot;oryx build /tmp/zipdeploy/extracted -o /home/site/wwwroot --platform nodejs --platform-version 22 -p virtualenv_name= --log-file /tmp/build-debug.log  -i /tmp/8de1ba18115f53d -p compress_node_modules=tar-gz | tee /tmp/oryx-build.log ; exit $PIPESTATUS &quot;" stackTrace="   at Kudu.Core.Infrastructure.Executable.ExecuteInternal(ITracer tracer, Func`2 onWriteOutput, Func`2 onWriteError, CancellationToken token, Encoding encoding, String arguments, Object[] args) in /tmp/KuduLite/Kudu.Core/Infrastructure/Executable.cs:line 239
   at Kudu.Core.Infrastructure.Executable.ExecuteWithProgressWriter(ILogger logger, ITracer tracer, CancellationToken token, String arguments, Object[] args) in /tmp/KuduLite/Kudu.Core/Infrastructure/Executable.cs:line 118
   at Kudu.Core.Deployment.Generator.ExternalCommandBuilder.RunCommand(DeploymentContext context, String command, Boolean ignoreManifest, CancellationToken token, String message) in /tmp/KuduLite/Kudu.Core/Deployment/Generator/ExternalCommandBuilder.cs:line 122
   at Kudu.Core.Deployment.Generator.OryxBuilder.RunBuildCommand(IOryxArguments args, DeploymentContext context, CancellationToken token) in /tmp/KuduLite/Kudu.Core/Deployment/Generator/OryxBuilder.cs:line 295
   at Kudu.Core.Deployment.Generator.OryxBuilder.Build(DeploymentContext context, CancellationToken token) in /tmp/KuduLite/Kudu.Core/Deployment/Generator/OryxBuilder.cs:line 136
   at Kudu.Core.Deployment.DeploymentManager.Build(ChangeSet changeSet, ITracer tracer, IDisposable deployStep, IRepository repository, DeploymentInfoBase deploymentInfo, DeploymentAnalytics deploymentAnalytics, Boolean fullBuildByDefault, CancellationToken cancellationToken) in /tmp/KuduLite/Kudu.Core/Deployment/DeploymentManager.cs:line 771
   at Kudu.Core.Deployment.DeploymentManager.Build(ChangeSet changeSet, ITracer tracer, IDisposable deployStep, IRepository repository, DeploymentInfoBase deploymentInfo, DeploymentAnalytics deploymentAnalytics, Boolean fullBuildByDefault, CancellationToken cancellationToken) in /tmp/KuduLite/Kudu.Core/Deployment/DeploymentManager.cs:line 840
   at Kudu.Core.Deployment.DeploymentManager.DeployAsync(IRepository repository, ChangeSet changeSet, String deployer, Boolean clean, DeploymentInfoBase deploymentInfo, Boolean needFileUpdate, Boolean fullBuildByDefault) in /tmp/KuduLite/Kudu.Core/Deployment/DeploymentManager.cs:line 266" /><!-- duration: 4ms -->
        <step title="Marking deployment as failed and cleaning up the temp deployment" date="2025-11-04T12:59:32.507" /><!-- duration: 12ms -->
      </step><!-- duration: 213967ms -->
      <step title="Error occurred" date="2025-11-04T12:59:32.674" type="error" text="One or more errors occurred. (Deployment failed)" stackTrace="   at System.Threading.Tasks.Task.ThrowIfExceptional(Boolean includeTaskCanceledExceptions)
   at System.Threading.Tasks.Task.Wait(Int32 millisecondsTimeout, CancellationToken cancellationToken)
   at System.Threading.Tasks.Task.Wait()
   at Kudu.Core.Deployment.FetchDeploymentManager.&lt;&gt;c__DisplayClass22_1.&lt;PerformBackgroundDeployment&gt;b__3() in /tmp/KuduLite/Kudu.Core/Deployment/FetchDeploymentManager.cs:line 414
   at Kudu.Contracts.Infrastructure.LockExtensions.TryLockOperation(IOperationLock lockObj, Action operation, String operationName, TimeSpan timeout) in /tmp/KuduLite/Kudu.Contracts/Infrastructure/LockExtensions.cs:line 34
   at Kudu.Contracts.Infrastructure.LockExtensions.LockOperation(IOperationLock lockObj, Action operation, String operationName, TimeSpan timeout) in /tmp/KuduLite/Kudu.Contracts/Infrastructure/LockExtensions.cs:line 46
   at Kudu.Core.Deployment.FetchDeploymentManager.&lt;&gt;c__DisplayClass22_0.&lt;PerformBackgroundDeployment&gt;b__1() in /tmp/KuduLite/Kudu.Core/Deployment/FetchDeploymentManager.cs:line 393" innerText="Deployment failed" innerStackTrace="   at Kudu.Core.Deployment.DeploymentManager.DeployAsync(IRepository repository, ChangeSet changeSet, String deployer, Boolean clean, DeploymentInfoBase deploymentInfo, Boolean needFileUpdate, Boolean fullBuildByDefault) in /tmp/KuduLite/Kudu.Core/Deployment/DeploymentManager.cs:line 307
   at Kudu.Core.Deployment.FetchDeploymentManager.PerformDeployment(DeploymentInfoBase deploymentInfo, IDisposable tempDeployment, ChangeSet tempChangeSet, DeployStatusApiResult updateStatusObj) in /tmp/KuduLite/Kudu.Core/Deployment/FetchDeploymentManager.cs:line 230" /><!-- duration: 4ms -->
    </step><!-- duration: 214028ms -->
