<step title="Incoming Request" date="2025-11-04T12:13:04.375" instance="d9fa23" url="/api/deployments/latest?deployer=ms-azuretools-vscode&amp;time=2025-11-04_12-09-17Z" method="GET" type="request" pid="831,1,27" Host="talondesign-h5ayfddtfbdmb8ap.scm.uksouth-01.azurewebsites.net" User-Agent="vscode-azureappservice/0.26.4 core-rest-pipeline/1.20.0 Node/22.19.0 OS/(x64-Windows_NT-10.0.26200)" Accept-Encoding="gzip,deflate" Accept-Language="en" Authorization="Bea..." x-ms-correlation-request-id="d45b74d0-cf1c-42dc-99e1-7db4d11f2dde" x-ms-client-request-id="eb1e9193-f0ba-40ae-b4b0-1b24be8dfbf8" X-ARR-LOG-ID="eb1e9193-f0ba-40ae-b4b0-1b24be8dfbf8" CLIENT-IP="84.247.42.125:11864" X-SITE-DEPLOYMENT-ID="talondesign" WAS-DEFAULT-HOSTNAME="talondesign-h5ayfddtfbdmb8ap.scm.uksouth-01.azurewebsites.net" X-Forwarded-Proto="https" X-AppService-Proto="https" X-Forwarded-TlsVersion="1.3" X-WAWS-Unencoded-URL="/api/deployments/latest?deployer=ms-azuretools-vscode&amp;time=2025-11-04_12-09-17Z" X-Client-IP="84.247.42.125" X-Client-Port="11864" >
  <step title="Cleanup Xml Logs" date="2025-11-04T12:13:04.393" >
    <step title="Cleanup Infos" date="2025-11-04T12:13:04.415" totalFiles="264" totalCleanup="104" /><!-- duration: 10ms -->
  </step><!-- duration: 42ms -->
  <step title="DeploymentService.GetResult" date="2025-11-04T12:13:04.454" >
    <step title="DeploymentService.GetLatestDeployment" date="2025-11-04T12:13:04.456" >
      <step title="DeploymentManager.GetResults" date="2025-11-04T12:13:04.467" /><!-- duration: 179ms -->
    </step><!-- duration: 199ms -->
  </step><!-- duration: 203ms -->
  <step title="Outgoing response" date="2025-11-04T12:13:04.667" type="response" statusCode="202" statusText="Accepted" /><!-- duration: 9ms -->
</step><!-- duration: 302ms -->
