<step title="Incoming Request" date="2025-11-04T12:53:06.586" instance="d9fa23" url="/api/deployments/latest?deployer=ms-azuretools-vscode&amp;time=2025-11-04_12-52-07Z" method="GET" type="request" pid="831,1,34" Host="talondesign-h5ayfddtfbdmb8ap.scm.uksouth-01.azurewebsites.net" User-Agent="vscode-azureappservice/0.26.4 core-rest-pipeline/1.20.0 Node/22.19.0 OS/(x64-Windows_NT-10.0.26200)" Accept-Encoding="gzip,deflate" Accept-Language="en" Authorization="Bea..." x-ms-correlation-request-id="80551a69-5946-42e7-86a9-afa351ec6184" x-ms-client-request-id="d4a58b78-ad6a-4b8b-b4de-1181b0e3e049" X-ARR-LOG-ID="d4a58b78-ad6a-4b8b-b4de-1181b0e3e049" CLIENT-IP="84.247.42.125:36166" X-SITE-DEPLOYMENT-ID="talondesign" WAS-DEFAULT-HOSTNAME="talondesign-h5ayfddtfbdmb8ap.scm.uksouth-01.azurewebsites.net" X-Forwarded-Proto="https" X-AppService-Proto="https" X-Forwarded-TlsVersion="1.3" X-WAWS-Unencoded-URL="/api/deployments/latest?deployer=ms-azuretools-vscode&amp;time=2025-11-04_12-52-07Z" X-Client-IP="84.247.42.125" X-Client-Port="36166" >
  <step title="Cleanup Xml Logs" date="2025-11-04T12:53:06.594" >
    <step title="Cleanup Infos" date="2025-11-04T12:53:06.675" totalFiles="368" totalCleanup="208" /><!-- duration: 12ms -->
  </step><!-- duration: 104ms -->
  <step title="DeploymentService.GetResult" date="2025-11-04T12:53:06.788" >
    <step title="DeploymentService.GetLatestDeployment" date="2025-11-04T12:53:06.896" >
      <step title="DeploymentManager.GetResults" date="2025-11-04T12:53:06.917" /><!-- duration: 464ms -->
    </step><!-- duration: 534ms -->
  </step><!-- duration: 644ms -->
  <step title="Outgoing response" date="2025-11-04T12:53:07.452" type="response" statusCode="202" statusText="Accepted" /><!-- duration: 28ms -->
</step><!-- duration: 896ms -->
