<step title="Incoming Request" date="2025-11-04T12:54:17.156" instance="d9fa23" url="/api/deployments/latest?deployer=ms-azuretools-vscode&amp;time=2025-11-04_12-52-07Z" method="GET" type="request" pid="831,1,5" Host="talondesign-h5ayfddtfbdmb8ap.scm.uksouth-01.azurewebsites.net" User-Agent="vscode-azureappservice/0.26.4 core-rest-pipeline/1.20.0 Node/22.19.0 OS/(x64-Windows_NT-10.0.26200)" Accept-Encoding="gzip,deflate" Accept-Language="en" Authorization="Bea..." x-ms-correlation-request-id="80551a69-5946-42e7-86a9-afa351ec6184" x-ms-client-request-id="f8fd4c3a-45cc-40a3-b789-51e43bdd7159" X-ARR-LOG-ID="f8fd4c3a-45cc-40a3-b789-51e43bdd7159" CLIENT-IP="84.247.42.125:50816" X-SITE-DEPLOYMENT-ID="talondesign" WAS-DEFAULT-HOSTNAME="talondesign-h5ayfddtfbdmb8ap.scm.uksouth-01.azurewebsites.net" X-Forwarded-Proto="https" X-AppService-Proto="https" X-Forwarded-TlsVersion="1.3" X-WAWS-Unencoded-URL="/api/deployments/latest?deployer=ms-azuretools-vscode&amp;time=2025-11-04_12-52-07Z" X-Client-IP="84.247.42.125" X-Client-Port="50816" >
  <step title="Cleanup Xml Logs" date="2025-11-04T12:54:17.158" >
    <step title="Cleanup Infos" date="2025-11-04T12:54:17.205" totalFiles="455" totalCleanup="295" /><!-- duration: 11ms -->
  </step><!-- duration: 60ms -->
  <step title="DeploymentService.GetResult" date="2025-11-04T12:54:17.228" >
    <step title="DeploymentService.GetLatestDeployment" date="2025-11-04T12:54:17.236" >
      <step title="DeploymentManager.GetResults" date="2025-11-04T12:54:17.238" /><!-- duration: 218ms -->
    </step><!-- duration: 222ms -->
  </step><!-- duration: 239ms -->
  <step title="Outgoing response" date="2025-11-04T12:54:17.487" type="response" statusCode="202" statusText="Accepted" /><!-- duration: 13ms -->
</step><!-- duration: 362ms -->
