<step title="Incoming Request" date="2025-11-04T12:54:10.136" instance="d9fa23" url="/api/deployments/latest?deployer=ms-azuretools-vscode&amp;time=2025-11-04_12-52-07Z" method="GET" type="request" pid="831,1,5" Host="talondesign-h5ayfddtfbdmb8ap.scm.uksouth-01.azurewebsites.net" User-Agent="vscode-azureappservice/0.26.4 core-rest-pipeline/1.20.0 Node/22.19.0 OS/(x64-Windows_NT-10.0.26200)" Accept-Encoding="gzip,deflate" Accept-Language="en" Authorization="Bea..." x-ms-correlation-request-id="80551a69-5946-42e7-86a9-afa351ec6184" x-ms-client-request-id="b0395a7c-30f7-4163-8c6e-4d666cf0102e" X-ARR-LOG-ID="b0395a7c-30f7-4163-8c6e-4d666cf0102e" CLIENT-IP="84.247.42.125:2556" X-SITE-DEPLOYMENT-ID="talondesign" WAS-DEFAULT-HOSTNAME="talondesign-h5ayfddtfbdmb8ap.scm.uksouth-01.azurewebsites.net" X-Forwarded-Proto="https" X-AppService-Proto="https" X-Forwarded-TlsVersion="1.3" X-WAWS-Unencoded-URL="/api/deployments/latest?deployer=ms-azuretools-vscode&amp;time=2025-11-04_12-52-07Z" X-Client-IP="84.247.42.125" X-Client-Port="2556" >
  <step title="Cleanup Xml Logs" date="2025-11-04T12:54:10.145" >
    <step title="Cleanup Infos" date="2025-11-04T12:54:10.196" totalFiles="446" totalCleanup="286" /><!-- duration: 2ms -->
  </step><!-- duration: 55ms -->
  <step title="DeploymentService.GetResult" date="2025-11-04T12:54:10.207" >
    <step title="DeploymentService.GetLatestDeployment" date="2025-11-04T12:54:10.209" >
      <step title="DeploymentManager.GetResults" date="2025-11-04T12:54:10.211" /><!-- duration: 206ms -->
    </step><!-- duration: 216ms -->
  </step><!-- duration: 220ms -->
  <step title="Outgoing response" date="2025-11-04T12:54:10.436" type="response" statusCode="202" statusText="Accepted" /><!-- duration: 12ms -->
</step><!-- duration: 329ms -->
