<step title="Incoming Request" date="2025-11-04T12:53:23.959" instance="d9fa23" url="/api/deployments/latest?deployer=ms-azuretools-vscode&amp;time=2025-11-04_12-52-07Z" method="GET" type="request" pid="831,1,35" Host="talondesign-h5ayfddtfbdmb8ap.scm.uksouth-01.azurewebsites.net" User-Agent="vscode-azureappservice/0.26.4 core-rest-pipeline/1.20.0 Node/22.19.0 OS/(x64-Windows_NT-10.0.26200)" Accept-Encoding="gzip,deflate" Accept-Language="en" Authorization="Bea..." x-ms-correlation-request-id="80551a69-5946-42e7-86a9-afa351ec6184" x-ms-client-request-id="ff708918-da38-45c4-b763-276a85b28471" X-ARR-LOG-ID="ff708918-da38-45c4-b763-276a85b28471" CLIENT-IP="84.247.42.125:58704" X-SITE-DEPLOYMENT-ID="talondesign" WAS-DEFAULT-HOSTNAME="talondesign-h5ayfddtfbdmb8ap.scm.uksouth-01.azurewebsites.net" X-Forwarded-Proto="https" X-AppService-Proto="https" X-Forwarded-TlsVersion="1.3" X-WAWS-Unencoded-URL="/api/deployments/latest?deployer=ms-azuretools-vscode&amp;time=2025-11-04_12-52-07Z" X-Client-IP="84.247.42.125" X-Client-Port="58704" >
  <step title="Cleanup Xml Logs" date="2025-11-04T12:53:23.977" >
    <step title="Cleanup Infos" date="2025-11-04T12:53:24.047" totalFiles="389" totalCleanup="229" /><!-- duration: 12ms -->
  </step><!-- duration: 91ms -->
  <step title="DeploymentService.GetResult" date="2025-11-04T12:53:24.087" >
    <step title="DeploymentService.GetLatestDeployment" date="2025-11-04T12:53:24.089" >
      <step title="DeploymentManager.GetResults" date="2025-11-04T12:53:24.098" /><!-- duration: 213ms -->
    </step><!-- duration: 231ms -->
  </step><!-- duration: 251ms -->
  <step title="Outgoing response" date="2025-11-04T12:53:24.340" type="response" statusCode="202" statusText="Accepted" /><!-- duration: 48ms -->
</step><!-- duration: 431ms -->
