<step title="Incoming Request" date="2025-11-04T12:53:16.918" instance="d9fa23" url="/api/deployments/latest?deployer=ms-azuretools-vscode&amp;time=2025-11-04_12-52-07Z" method="GET" type="request" pid="831,1,34" Host="talondesign-h5ayfddtfbdmb8ap.scm.uksouth-01.azurewebsites.net" User-Agent="vscode-azureappservice/0.26.4 core-rest-pipeline/1.20.0 Node/22.19.0 OS/(x64-Windows_NT-10.0.26200)" Accept-Encoding="gzip,deflate" Accept-Language="en" Authorization="Bea..." x-ms-correlation-request-id="80551a69-5946-42e7-86a9-afa351ec6184" x-ms-client-request-id="7877ca6b-d3bc-4c97-bf87-caec2bb200fa" X-ARR-LOG-ID="7877ca6b-d3bc-4c97-bf87-caec2bb200fa" CLIENT-IP="84.247.42.125:26422" X-SITE-DEPLOYMENT-ID="talondesign" WAS-DEFAULT-HOSTNAME="talondesign-h5ayfddtfbdmb8ap.scm.uksouth-01.azurewebsites.net" X-Forwarded-Proto="https" X-AppService-Proto="https" X-Forwarded-TlsVersion="1.3" X-WAWS-Unencoded-URL="/api/deployments/latest?deployer=ms-azuretools-vscode&amp;time=2025-11-04_12-52-07Z" X-Client-IP="84.247.42.125" X-Client-Port="26422" >
  <step title="Cleanup Xml Logs" date="2025-11-04T12:53:16.976" >
    <step title="Cleanup Infos" date="2025-11-04T12:53:17.008" totalFiles="380" totalCleanup="220" /><!-- duration: 19ms -->
  </step><!-- duration: 80ms -->
  <step title="DeploymentService.GetResult" date="2025-11-04T12:53:17.069" >
    <step title="DeploymentService.GetLatestDeployment" date="2025-11-04T12:53:17.096" >
      <step title="DeploymentManager.GetResults" date="2025-11-04T12:53:17.099" /><!-- duration: 380ms -->
    </step><!-- duration: 394ms -->
  </step><!-- duration: 430ms -->
  <step title="Outgoing response" date="2025-11-04T12:53:17.509" type="response" statusCode="202" statusText="Accepted" /><!-- duration: 9ms -->
</step><!-- duration: 602ms -->
