<step title="Incoming Request" date="2025-11-04T12:52:26.629" instance="d9fa23" url="/api/deployments/latest?deployer=ms-azuretools-vscode&amp;time=2025-11-04_12-52-07Z" method="GET" type="request" pid="831,1,34" Host="talondesign-h5ayfddtfbdmb8ap.scm.uksouth-01.azurewebsites.net" User-Agent="vscode-azureappservice/0.26.4 core-rest-pipeline/1.20.0 Node/22.19.0 OS/(x64-Windows_NT-10.0.26200)" Accept-Encoding="gzip,deflate" Accept-Language="en" Authorization="Bea..." x-ms-correlation-request-id="80551a69-5946-42e7-86a9-afa351ec6184" x-ms-client-request-id="b47cd3f8-7b13-4b40-8d29-11436e171d96" X-ARR-LOG-ID="b47cd3f8-7b13-4b40-8d29-11436e171d96" CLIENT-IP="84.247.42.125:8890" X-SITE-DEPLOYMENT-ID="talondesign" WAS-DEFAULT-HOSTNAME="talondesign-h5ayfddtfbdmb8ap.scm.uksouth-01.azurewebsites.net" X-Forwarded-Proto="https" X-AppService-Proto="https" X-Forwarded-TlsVersion="1.3" X-WAWS-Unencoded-URL="/api/deployments/latest?deployer=ms-azuretools-vscode&amp;time=2025-11-04_12-52-07Z" X-Client-IP="84.247.42.125" X-Client-Port="8890" >
  <step title="Cleanup Xml Logs" date="2025-11-04T12:52:26.658" >
    <step title="Cleanup Infos" date="2025-11-04T12:52:26.739" totalFiles="320" totalCleanup="160" /><!-- duration: 11ms -->
  </step><!-- duration: 141ms -->
  <step title="DeploymentService.GetResult" date="2025-11-04T12:52:26.839" >
    <step title="DeploymentService.GetLatestDeployment" date="2025-11-04T12:52:26.851" >
      <step title="DeploymentManager.GetResults" date="2025-11-04T12:52:26.870" /><!-- duration: 322ms -->
    </step><!-- duration: 352ms -->
  </step><!-- duration: 410ms -->
  <step title="Outgoing response" date="2025-11-04T12:52:27.271" type="response" statusCode="202" statusText="Accepted" /><!-- duration: 2ms -->
</step><!-- duration: 663ms -->
