<step title="Incoming Request" date="2025-11-04T12:52:44.228" instance="d9fa23" url="/api/deployments/latest?deployer=ms-azuretools-vscode&amp;time=2025-11-04_12-52-07Z" method="GET" type="request" pid="831,1,35" Host="talondesign-h5ayfddtfbdmb8ap.scm.uksouth-01.azurewebsites.net" User-Agent="vscode-azureappservice/0.26.4 core-rest-pipeline/1.20.0 Node/22.19.0 OS/(x64-Windows_NT-10.0.26200)" Accept-Encoding="gzip,deflate" Accept-Language="en" Authorization="Bea..." x-ms-correlation-request-id="80551a69-5946-42e7-86a9-afa351ec6184" x-ms-client-request-id="d518974b-ddf5-4ab9-910c-1da28d679585" X-ARR-LOG-ID="d518974b-ddf5-4ab9-910c-1da28d679585" CLIENT-IP="84.247.42.125:7526" X-SITE-DEPLOYMENT-ID="talondesign" WAS-DEFAULT-HOSTNAME="talondesign-h5ayfddtfbdmb8ap.scm.uksouth-01.azurewebsites.net" X-Forwarded-Proto="https" X-AppService-Proto="https" X-Forwarded-TlsVersion="1.3" X-WAWS-Unencoded-URL="/api/deployments/latest?deployer=ms-azuretools-vscode&amp;time=2025-11-04_12-52-07Z" X-Client-IP="84.247.42.125" X-Client-Port="7526" >
  <step title="Cleanup Xml Logs" date="2025-11-04T12:52:44.236" >
    <step title="Cleanup Infos" date="2025-11-04T12:52:44.259" totalFiles="341" totalCleanup="181" /><!-- duration: 19ms -->
  </step><!-- duration: 51ms -->
  <step title="DeploymentService.GetResult" date="2025-11-04T12:52:44.306" >
    <step title="DeploymentService.GetLatestDeployment" date="2025-11-04T12:52:44.309" >
      <step title="DeploymentManager.GetResults" date="2025-11-04T12:52:44.319" /><!-- duration: 229ms -->
    </step><!-- duration: 241ms -->
  </step><!-- duration: 252ms -->
  <step title="Outgoing response" date="2025-11-04T12:52:44.560" type="response" statusCode="202" statusText="Accepted" /><!-- duration: 9ms -->
</step><!-- duration: 351ms -->
