<step title="Incoming Request" date="2025-11-04T12:12:24.882" instance="d9fa23" url="/api/deployments/latest?deployer=ms-azuretools-vscode&amp;time=2025-11-04_12-09-17Z" method="GET" type="request" pid="831,1,27" Host="talondesign-h5ayfddtfbdmb8ap.scm.uksouth-01.azurewebsites.net" User-Agent="vscode-azureappservice/0.26.4 core-rest-pipeline/1.20.0 Node/22.19.0 OS/(x64-Windows_NT-10.0.26200)" Accept-Encoding="gzip,deflate" Accept-Language="en" Authorization="Bea..." x-ms-correlation-request-id="d45b74d0-cf1c-42dc-99e1-7db4d11f2dde" x-ms-client-request-id="26256356-4b7e-442a-9eb3-ad83526392df" X-ARR-LOG-ID="26256356-4b7e-442a-9eb3-ad83526392df" CLIENT-IP="84.247.42.125:38722" X-SITE-DEPLOYMENT-ID="talondesign" WAS-DEFAULT-HOSTNAME="talondesign-h5ayfddtfbdmb8ap.scm.uksouth-01.azurewebsites.net" X-Forwarded-Proto="https" X-AppService-Proto="https" X-Forwarded-TlsVersion="1.3" X-WAWS-Unencoded-URL="/api/deployments/latest?deployer=ms-azuretools-vscode&amp;time=2025-11-04_12-09-17Z" X-Client-IP="84.247.42.125" X-Client-Port="38722" >
  <step title="Cleanup Xml Logs" date="2025-11-04T12:12:24.884" >
    <step title="Cleanup Infos" date="2025-11-04T12:12:24.955" totalFiles="216" totalCleanup="56" /><!-- duration: 49ms -->
  </step><!-- duration: 139ms -->
  <step title="DeploymentService.GetResult" date="2025-11-04T12:12:25.063" >
    <step title="DeploymentService.GetLatestDeployment" date="2025-11-04T12:12:25.065" >
      <step title="DeploymentManager.GetResults" date="2025-11-04T12:12:25.154" /><!-- duration: 363ms -->
    </step><!-- duration: 471ms -->
  </step><!-- duration: 504ms -->
  <step title="Outgoing response" date="2025-11-04T12:12:25.608" type="response" statusCode="202" statusText="Accepted" /><!-- duration: 19ms -->
</step><!-- duration: 746ms -->
