<step title="Incoming Request" date="2025-11-04T12:04:16.927" instance="d9fa23" url="/api/zipdeploy?author=ms-azuretools-vscode&amp;deployer=ms-azuretools-vscode&amp;isAsync=true&amp;trackDeploymentId=true" method="POST" type="request" pid="831,1,29" Host="talondesign-h5ayfddtfbdmb8ap.scm.uksouth-01.azurewebsites.net" User-Agent="vscode-azureappservice/0.26.4 core-rest-pipeline/1.20.0 Node/22.19.0 OS/(x64-Windows_NT-10.0.26200)" Accept-Encoding="gzip,deflate" Accept-Language="en" Authorization="Bea..." Transfer-Encoding="chunked" x-ms-correlation-request-id="d45b74d0-cf1c-42dc-99e1-7db4d11f2dde" x-ms-client-request-id="e586f35f-b7f5-44df-9af1-d2b91c5dce9f" X-ARR-LOG-ID="e586f35f-b7f5-44df-9af1-d2b91c5dce9f" CLIENT-IP="84.247.42.125:12724" X-SITE-DEPLOYMENT-ID="talondesign" WAS-DEFAULT-HOSTNAME="talondesign-h5ayfddtfbdmb8ap.scm.uksouth-01.azurewebsites.net" X-Forwarded-Proto="https" X-AppService-Proto="https" X-Forwarded-TlsVersion="1.3" X-WAWS-Unencoded-URL="/api/zipdeploy?author=ms-azuretools-vscode&amp;deployer=ms-azuretools-vscode&amp;isAsync=true&amp;trackDeploymentId=true" X-Client-IP="84.247.42.125" X-Client-Port="12724" >
  <step title="Cleanup Xml Logs" date="2025-11-04T12:04:16.945" /><!-- duration: 6ms -->
  <step title="ZipPushDeploy" date="2025-11-04T12:04:17.235" >
    <step title="ZipDeploy. Extract zip." date="2025-11-04T12:04:17.245" /><!-- duration: 2ms -->
    <step title="None repository commit" date="2025-11-04T12:04:17.263" >
      <step title="Commit id: ccc47e90-a1bb-43b3-80e0-c09df03d1b74" date="2025-11-04T12:04:17.265" Message="N/A" AuthorName="N/A" AuthorEmail="N/A" /><!-- duration: 5ms -->
    </step><!-- duration: 17ms -->
    <step title="Starting PushDeployAsync" date="2025-11-04T12:04:17.294" /><!-- duration: 2ms -->
    <step title="Writing artifact to /tmp/zipdeploy/b7507cf3-a846-40d7-a423-47003a324165.zip" date="2025-11-04T12:04:17.352" >
      <step title="Writing multipart request body to /tmp/zipdeploy/b7507cf3-a846-40d7-a423-47003a324165.zip" date="2025-11-04T12:04:17.374" /><!-- duration: 9ms -->
    </step><!-- duration: 299148ms -->
    <step title="Start deployment in the background" date="2025-11-04T12:09:16.602" >
      <step title="Acquiring Deployment Lock" date="2025-11-04T12:09:16.793" /><!-- duration: 9ms -->
      <step title="Acquired Deployment Lock" date="2025-11-04T12:09:16.993" /><!-- duration: 2ms -->
    </step><!-- duration: 506ms -->
  </step><!-- duration: 299891ms -->
  <step title="Outgoing response" date="2025-11-04T12:09:17.139" type="response" statusCode="202" statusText="Accepted" /><!-- duration: 2ms -->
</step><!-- duration: 300215ms -->
