<step title="Incoming Request" date="2025-11-04T12:12:57.272" instance="d9fa23" url="/api/deployments/latest?deployer=ms-azuretools-vscode&amp;time=2025-11-04_12-09-17Z" method="GET" type="request" pid="831,1,27" Host="talondesign-h5ayfddtfbdmb8ap.scm.uksouth-01.azurewebsites.net" User-Agent="vscode-azureappservice/0.26.4 core-rest-pipeline/1.20.0 Node/22.19.0 OS/(x64-Windows_NT-10.0.26200)" Accept-Encoding="gzip,deflate" Accept-Language="en" Authorization="Bea..." x-ms-correlation-request-id="d45b74d0-cf1c-42dc-99e1-7db4d11f2dde" x-ms-client-request-id="e9b7c24e-e2b2-4ed5-9473-8d0c6dc74345" X-ARR-LOG-ID="e9b7c24e-e2b2-4ed5-9473-8d0c6dc74345" CLIENT-IP="84.247.42.125:9422" X-SITE-DEPLOYMENT-ID="talondesign" WAS-DEFAULT-HOSTNAME="talondesign-h5ayfddtfbdmb8ap.scm.uksouth-01.azurewebsites.net" X-Forwarded-Proto="https" X-AppService-Proto="https" X-Forwarded-TlsVersion="1.3" X-WAWS-Unencoded-URL="/api/deployments/latest?deployer=ms-azuretools-vscode&amp;time=2025-11-04_12-09-17Z" X-Client-IP="84.247.42.125" X-Client-Port="9422" >
  <step title="Cleanup Xml Logs" date="2025-11-04T12:12:57.274" >
    <step title="Cleanup Infos" date="2025-11-04T12:12:57.312" totalFiles="255" totalCleanup="95" /><!-- duration: 12ms -->
  </step><!-- duration: 58ms -->
  <step title="DeploymentService.GetResult" date="2025-11-04T12:12:57.354" >
    <step title="DeploymentService.GetLatestDeployment" date="2025-11-04T12:12:57.362" >
      <step title="DeploymentManager.GetResults" date="2025-11-04T12:12:57.364" /><!-- duration: 210ms -->
    </step><!-- duration: 214ms -->
  </step><!-- duration: 231ms -->
  <step title="Outgoing response" date="2025-11-04T12:12:57.595" type="response" statusCode="202" statusText="Accepted" /><!-- duration: 9ms -->
</step><!-- duration: 341ms -->
