<step title="Incoming Request" date="2025-11-04T12:53:59.019" instance="d9fa23" url="/api/deployments/latest?deployer=ms-azuretools-vscode&amp;time=2025-11-04_12-52-07Z" method="GET" type="request" pid="831,1,35" Host="talondesign-h5ayfddtfbdmb8ap.scm.uksouth-01.azurewebsites.net" User-Agent="vscode-azureappservice/0.26.4 core-rest-pipeline/1.20.0 Node/22.19.0 OS/(x64-Windows_NT-10.0.26200)" Accept-Encoding="gzip,deflate" Accept-Language="en" Authorization="Bea..." x-ms-correlation-request-id="80551a69-5946-42e7-86a9-afa351ec6184" x-ms-client-request-id="5de9f0aa-0dd7-4520-bb36-0b5e5c80eea4" X-ARR-LOG-ID="5de9f0aa-0dd7-4520-bb36-0b5e5c80eea4" CLIENT-IP="84.247.42.125:40784" X-SITE-DEPLOYMENT-ID="talondesign" WAS-DEFAULT-HOSTNAME="talondesign-h5ayfddtfbdmb8ap.scm.uksouth-01.azurewebsites.net" X-Forwarded-Proto="https" X-AppService-Proto="https" X-Forwarded-TlsVersion="1.3" X-WAWS-Unencoded-URL="/api/deployments/latest?deployer=ms-azuretools-vscode&amp;time=2025-11-04_12-52-07Z" X-Client-IP="84.247.42.125" X-Client-Port="40784" >
  <step title="Cleanup Xml Logs" date="2025-11-04T12:53:59.029" >
    <step title="Cleanup Infos" date="2025-11-04T12:53:59.059" totalFiles="434" totalCleanup="274" /><!-- duration: 33ms -->
  </step><!-- duration: 72ms -->
  <step title="DeploymentService.GetResult" date="2025-11-04T12:53:59.122" >
    <step title="DeploymentService.GetLatestDeployment" date="2025-11-04T12:53:59.131" >
      <step title="DeploymentManager.GetResults" date="2025-11-04T12:53:59.149" /><!-- duration: 243ms -->
    </step><!-- duration: 272ms -->
  </step><!-- duration: 289ms -->
  <step title="Outgoing response" date="2025-11-04T12:53:59.423" type="response" statusCode="202" statusText="Accepted" /><!-- duration: 18ms -->
</step><!-- duration: 424ms -->
