<step title="Incoming Request" date="2025-11-04T12:47:38.720" instance="d9fa23" url="/api/zipdeploy?author=ms-azuretools-vscode&amp;deployer=ms-azuretools-vscode&amp;isAsync=true&amp;trackDeploymentId=true" method="POST" type="request" pid="831,1,33" Host="talondesign-h5ayfddtfbdmb8ap.scm.uksouth-01.azurewebsites.net" User-Agent="vscode-azureappservice/0.26.4 core-rest-pipeline/1.20.0 Node/22.19.0 OS/(x64-Windows_NT-10.0.26200)" Accept-Encoding="gzip,deflate" Accept-Language="en" Authorization="Bea..." Transfer-Encoding="chunked" x-ms-correlation-request-id="80551a69-5946-42e7-86a9-afa351ec6184" x-ms-client-request-id="376a440f-3800-4f19-8961-0b5c2b0e04a7" X-ARR-LOG-ID="376a440f-3800-4f19-8961-0b5c2b0e04a7" CLIENT-IP="84.247.42.125:61102" X-SITE-DEPLOYMENT-ID="talondesign" WAS-DEFAULT-HOSTNAME="talondesign-h5ayfddtfbdmb8ap.scm.uksouth-01.azurewebsites.net" X-Forwarded-Proto="https" X-AppService-Proto="https" X-Forwarded-TlsVersion="1.3" X-WAWS-Unencoded-URL="/api/zipdeploy?author=ms-azuretools-vscode&amp;deployer=ms-azuretools-vscode&amp;isAsync=true&amp;trackDeploymentId=true" X-Client-IP="84.247.42.125" X-Client-Port="61102" >
  <step title="Cleanup Xml Logs" date="2025-11-04T12:47:38.725" >
    <step title="Cleanup Infos" date="2025-11-04T12:47:38.742" totalFiles="303" totalCleanup="143" /><!-- duration: 61ms -->
  </step><!-- duration: 85ms -->
  <step title="ZipPushDeploy" date="2025-11-04T12:47:38.959" >
    <step title="ZipDeploy. Extract zip." date="2025-11-04T12:47:38.970" /><!-- duration: 1ms -->
    <step title="Starting PushDeployAsync" date="2025-11-04T12:47:38.978" /><!-- duration: 2ms -->
    <step title="Writing artifact to /tmp/zipdeploy/6451445b-01b7-4969-8ebe-35646a38b3dc.zip" date="2025-11-04T12:47:39.040" >
      <step title="Writing multipart request body to /tmp/zipdeploy/6451445b-01b7-4969-8ebe-35646a38b3dc.zip" date="2025-11-04T12:47:39.062" /><!-- duration: 8ms -->
    </step><!-- duration: 268454ms -->
    <step title="Start deployment in the background" date="2025-11-04T12:52:07.527" >
      <step title="Acquiring Deployment Lock" date="2025-11-04T12:52:07.613" /><!-- duration: 8ms -->
      <step title="Acquired Deployment Lock" date="2025-11-04T12:52:07.702" /><!-- duration: 2ms -->
    </step><!-- duration: 302ms -->
  </step><!-- duration: 268885ms -->
  <step title="Outgoing response" date="2025-11-04T12:52:07.872" type="response" statusCode="202" statusText="Accepted" /><!-- duration: 2ms -->
</step><!-- duration: 269156ms -->
