<step title="Incoming Request" date="2025-11-04T12:52:58.975" instance="d9fa23" url="/api/deployments/latest?deployer=ms-azuretools-vscode&amp;time=2025-11-04_12-52-07Z" method="GET" type="request" pid="831,1,34" Host="talondesign-h5ayfddtfbdmb8ap.scm.uksouth-01.azurewebsites.net" User-Agent="vscode-azureappservice/0.26.4 core-rest-pipeline/1.20.0 Node/22.19.0 OS/(x64-Windows_NT-10.0.26200)" Accept-Encoding="gzip,deflate" Accept-Language="en" Authorization="Bea..." x-ms-correlation-request-id="80551a69-5946-42e7-86a9-afa351ec6184" x-ms-client-request-id="cfad2d6d-5104-495d-8d2e-38c61450310e" X-ARR-LOG-ID="cfad2d6d-5104-495d-8d2e-38c61450310e" CLIENT-IP="84.247.42.125:12142" X-SITE-DEPLOYMENT-ID="talondesign" WAS-DEFAULT-HOSTNAME="talondesign-h5ayfddtfbdmb8ap.scm.uksouth-01.azurewebsites.net" X-Forwarded-Proto="https" X-AppService-Proto="https" X-Forwarded-TlsVersion="1.3" X-WAWS-Unencoded-URL="/api/deployments/latest?deployer=ms-azuretools-vscode&amp;time=2025-11-04_12-52-07Z" X-Client-IP="84.247.42.125" X-Client-Port="12142" >
  <step title="Cleanup Xml Logs" date="2025-11-04T12:52:59.003" >
    <step title="Cleanup Infos" date="2025-11-04T12:52:59.124" totalFiles="359" totalCleanup="199" /><!-- duration: 11ms -->
  </step><!-- duration: 142ms -->
  <step title="DeploymentService.GetResult" date="2025-11-04T12:52:59.215" >
    <step title="DeploymentService.GetLatestDeployment" date="2025-11-04T12:52:59.237" >
      <step title="DeploymentManager.GetResults" date="2025-11-04T12:52:59.284" /><!-- duration: 284ms -->
    </step><!-- duration: 341ms -->
  </step><!-- duration: 372ms -->
  <step title="Outgoing response" date="2025-11-04T12:52:59.597" type="response" statusCode="202" statusText="Accepted" /><!-- duration: 12ms -->
</step><!-- duration: 642ms -->
