<step title="Incoming Request" date="2025-11-04T12:54:41.410" instance="d9fa23" url="/api/deployments/latest?deployer=ms-azuretools-vscode&amp;time=2025-11-04_12-52-07Z" method="GET" type="request" pid="831,1,35" Host="talondesign-h5ayfddtfbdmb8ap.scm.uksouth-01.azurewebsites.net" User-Agent="vscode-azureappservice/0.26.4 core-rest-pipeline/1.20.0 Node/22.19.0 OS/(x64-Windows_NT-10.0.26200)" Accept-Encoding="gzip,deflate" Accept-Language="en" Authorization="Bea..." x-ms-correlation-request-id="80551a69-5946-42e7-86a9-afa351ec6184" x-ms-client-request-id="40ba7ea8-a678-467a-bd45-0801b3ea9293" X-ARR-LOG-ID="40ba7ea8-a678-467a-bd45-0801b3ea9293" CLIENT-IP="84.247.42.125:41414" X-SITE-DEPLOYMENT-ID="talondesign" WAS-DEFAULT-HOSTNAME="talondesign-h5ayfddtfbdmb8ap.scm.uksouth-01.azurewebsites.net" X-Forwarded-Proto="https" X-AppService-Proto="https" X-Forwarded-TlsVersion="1.3" X-WAWS-Unencoded-URL="/api/deployments/latest?deployer=ms-azuretools-vscode&amp;time=2025-11-04_12-52-07Z" X-Client-IP="84.247.42.125" X-Client-Port="41414" >
  <step title="Cleanup Xml Logs" date="2025-11-04T12:54:41.421" >
    <step title="Cleanup Infos" date="2025-11-04T12:54:41.452" totalFiles="485" totalCleanup="325" /><!-- duration: 10ms -->
  </step><!-- duration: 51ms -->
  <step title="DeploymentService.GetResult" date="2025-11-04T12:54:41.491" >
    <step title="DeploymentService.GetLatestDeployment" date="2025-11-04T12:54:41.493" >
      <step title="DeploymentManager.GetResults" date="2025-11-04T12:54:41.501" /><!-- duration: 234ms -->
    </step><!-- duration: 271ms -->
  </step><!-- duration: 283ms -->
  <step title="Outgoing response" date="2025-11-04T12:54:41.785" type="response" statusCode="202" statusText="Accepted" /><!-- duration: 8ms -->
</step><!-- duration: 384ms -->
