<step title="Incoming Request" date="2025-11-04T12:52:36.830" instance="d9fa23" url="/api/deployments/latest?deployer=ms-azuretools-vscode&amp;time=2025-11-04_12-52-07Z" method="GET" type="request" pid="831,1,34" Host="talondesign-h5ayfddtfbdmb8ap.scm.uksouth-01.azurewebsites.net" User-Agent="vscode-azureappservice/0.26.4 core-rest-pipeline/1.20.0 Node/22.19.0 OS/(x64-Windows_NT-10.0.26200)" Accept-Encoding="gzip,deflate" Accept-Language="en" Authorization="Bea..." x-ms-correlation-request-id="80551a69-5946-42e7-86a9-afa351ec6184" x-ms-client-request-id="4b154a13-e2c7-4055-a9f8-32c4a99adf17" X-ARR-LOG-ID="4b154a13-e2c7-4055-a9f8-32c4a99adf17" CLIENT-IP="84.247.42.125:37516" X-SITE-DEPLOYMENT-ID="talondesign" WAS-DEFAULT-HOSTNAME="talondesign-h5ayfddtfbdmb8ap.scm.uksouth-01.azurewebsites.net" X-Forwarded-Proto="https" X-AppService-Proto="https" X-Forwarded-TlsVersion="1.3" X-WAWS-Unencoded-URL="/api/deployments/latest?deployer=ms-azuretools-vscode&amp;time=2025-11-04_12-52-07Z" X-Client-IP="84.247.42.125" X-Client-Port="37516" >
  <step title="Cleanup Xml Logs" date="2025-11-04T12:52:36.833" >
    <step title="Cleanup Infos" date="2025-11-04T12:52:36.881" totalFiles="332" totalCleanup="172" /><!-- duration: 11ms -->
  </step><!-- duration: 78ms -->
  <step title="DeploymentService.GetResult" date="2025-11-04T12:52:36.931" >
    <step title="DeploymentService.GetLatestDeployment" date="2025-11-04T12:52:36.944" >
      <step title="DeploymentManager.GetResults" date="2025-11-04T12:52:36.961" /><!-- duration: 342ms -->
    </step><!-- duration: 362ms -->
  </step><!-- duration: 384ms -->
  <step title="Outgoing response" date="2025-11-04T12:52:37.325" type="response" statusCode="202" statusText="Accepted" /><!-- duration: 18ms -->
</step><!-- duration: 515ms -->
