<step title="BackgroundTrace" date="2025-11-04T12:09:16.623" instance="d9fa23" url="/api/zipdeploy" method="POST" >
  <step title="Cleanup Xml Logs" date="2025-11-04T12:09:16.641" /><!-- duration: 50ms -->
  <step title="Creating temporary deployment - FetchDeploymentManager" date="2025-11-04T12:09:16.996" /><!-- duration: 2ms -->
  <step title="Creating temporary deployment" date="2025-11-04T12:09:17.000" /><!-- duration: 100ms -->
  <step title="Performing fetch based deployment" date="2025-11-04T12:09:17.157" >
    <step title="Cleaning up temp folders from previous zip deployments and extracting pushed zip file /tmp/zipdeploy/b7507cf3-a846-40d7-a423-47003a324165.zip (2062.45 MB) to /tmp/zipdeploy/extracted" date="2025-11-04T12:09:18.349" >
      <step title="ChmodRecursive Process exited with total time taken in ms: 883" date="2025-11-04T12:13:27.440" /><!-- duration: 2ms -->
    </step><!-- duration: 249142ms -->
    <step title="Deployment timer started" date="2025-11-04T12:13:29.530" >
      <step title="DeploymentManager.Deploy(id:ccc47e90-a1bb-43b3-80e0-c09df03d1b74)" date="2025-11-04T12:13:29.534" >
        <step title="Collecting changeset information" date="2025-11-04T12:13:29.561" /><!-- duration: 128ms -->
        <step title="Updating submodules" date="2025-11-04T12:13:29.691" /><!-- duration: 1128ms -->
        <step title="Determining deployment builder" date="2025-11-04T12:13:31.056" >
          <step title="Builder is OryxBuilder" date="2025-11-04T12:13:31.068" /><!-- duration: 2ms -->
        </step><!-- duration: 22ms -->
        <step title="PreDeployment: context.CleanOutputPath False" date="2025-11-04T12:13:31.152" >
          <step title="PreDeployment: context.OutputPath /home/site/wwwroot" date="2025-11-04T12:13:31.308" >
            <step title="Building" date="2025-11-04T12:13:31.447" >
              <step title="Executing external process" date="2025-11-04T12:13:31.820" type="process" path="bash" arguments="-c &quot;oryx build /tmp/zipdeploy/extracted -o /home/site/wwwroot --platform nodejs --platform-version 22 -p virtualenv_name= --log-file /tmp/build-debug.log  -i /tmp/8de1b9b91aa8452 -p compress_node_modules=tar-gz | tee /tmp/oryx-build.log ; exit $PIPESTATUS &quot;" >
                <step title="Cpu: rsync(1230,0.000s)+rsync(1229,0.000s)+rsync(1228,13.250s)+build.sh(1224,0.010s)+oryx(1199,13.290s)+tee(1200,0.000s)+bash(1198,0.010s)=total(26.560s)" date="2025-11-04T12:14:58.601" /><!-- duration: 5ms -->
                <step title="bash: no io activity for 61s, prev-cpu=-1.000s, current-cpu=26.560s" date="2025-11-04T12:14:58.630" /><!-- duration: 11ms -->
                <step title="Process dump" date="2025-11-04T12:15:38.550" exitCode="10" type="processOutput" /><!-- duration: 4ms -->
              </step><!-- duration: 126757ms -->
              <step title="Error occurred" date="2025-11-04T12:15:39.091" type="error" text="rsync: [receiver] write failed on &quot;/tmp/8de1b9b91aa8452/nav-app/.angular/cache/14.2.9/angular-webpack/2f8696c33d3955bc4b1cda658af77917ccb3d6f6/0.pack&quot;: No space left on device (28)
rsync error: error in file IO (code 11) at receiver.c(381) [receiver=3.2.7]
rsync: [sender] write error: Broken pipe (32)
rsync error: error in socket IO (code 10) at io.c(849) [sender=3.2.7]
rsync: [generator] write error: Broken pipe (32)
/bin/bash -c &quot;oryx build /tmp/zipdeploy/extracted -o /home/site/wwwroot --platform nodejs --platform-version 22 -p virtualenv_name= --log-file /tmp/build-debug.log  -i /tmp/8de1b9b91aa8452 -p compress_node_modules=tar-gz | tee /tmp/oryx-build.log ; exit $PIPESTATUS &quot;" stackTrace="   at Kudu.Core.Infrastructure.Executable.ExecuteInternal(ITracer tracer, Func`2 onWriteOutput, Func`2 onWriteError, CancellationToken token, Encoding encoding, String arguments, Object[] args) in /tmp/KuduLite/Kudu.Core/Infrastructure/Executable.cs:line 239
   at Kudu.Core.Infrastructure.Executable.ExecuteWithProgressWriter(ILogger logger, ITracer tracer, CancellationToken token, String arguments, Object[] args) in /tmp/KuduLite/Kudu.Core/Infrastructure/Executable.cs:line 118
   at Kudu.Core.Deployment.Generator.ExternalCommandBuilder.RunCommand(DeploymentContext context, String command, Boolean ignoreManifest, CancellationToken token, String message) in /tmp/KuduLite/Kudu.Core/Deployment/Generator/ExternalCommandBuilder.cs:line 122" /><!-- duration: 3ms -->
              <step title="Error occurred" date="2025-11-04T12:15:39.211" type="error" text="rsync: [receiver] write failed on &quot;/tmp/8de1b9b91aa8452/nav-app/.angular/cache/14.2.9/angular-webpack/2f8696c33d3955bc4b1cda658af77917ccb3d6f6/0.pack&quot;: No space left on device (28)
rsync error: error in file IO (code 11) at receiver.c(381) [receiver=3.2.7]
rsync: [sender] write error: Broken pipe (32)
rsync error: error in socket IO (code 10) at io.c(849) [sender=3.2.7]
rsync: [generator] write error: Broken pipe (32)
/bin/bash -c &quot;oryx build /tmp/zipdeploy/extracted -o /home/site/wwwroot --platform nodejs --platform-version 22 -p virtualenv_name= --log-file /tmp/build-debug.log  -i /tmp/8de1b9b91aa8452 -p compress_node_modules=tar-gz | tee /tmp/oryx-build.log ; exit $PIPESTATUS &quot;" stackTrace="   at Kudu.Core.Infrastructure.Executable.ExecuteInternal(ITracer tracer, Func`2 onWriteOutput, Func`2 onWriteError, CancellationToken token, Encoding encoding, String arguments, Object[] args) in /tmp/KuduLite/Kudu.Core/Infrastructure/Executable.cs:line 239
   at Kudu.Core.Infrastructure.Executable.ExecuteWithProgressWriter(ILogger logger, ITracer tracer, CancellationToken token, String arguments, Object[] args) in /tmp/KuduLite/Kudu.Core/Infrastructure/Executable.cs:line 118
   at Kudu.Core.Deployment.Generator.ExternalCommandBuilder.RunCommand(DeploymentContext context, String command, Boolean ignoreManifest, CancellationToken token, String message) in /tmp/KuduLite/Kudu.Core/Deployment/Generator/ExternalCommandBuilder.cs:line 122
   at Kudu.Core.Deployment.Generator.OryxBuilder.RunBuildCommand(IOryxArguments args, DeploymentContext context, CancellationToken token) in /tmp/KuduLite/Kudu.Core/Deployment/Generator/OryxBuilder.cs:line 295
   at Kudu.Core.Deployment.Generator.OryxBuilder.Build(DeploymentContext context, CancellationToken token) in /tmp/KuduLite/Kudu.Core/Deployment/Generator/OryxBuilder.cs:line 136
   at Kudu.Core.Deployment.DeploymentManager.Build(ChangeSet changeSet, ITracer tracer, IDisposable deployStep, IRepository repository, DeploymentInfoBase deploymentInfo, DeploymentAnalytics deploymentAnalytics, Boolean fullBuildByDefault, CancellationToken cancellationToken) in /tmp/KuduLite/Kudu.Core/Deployment/DeploymentManager.cs:line 771" /><!-- duration: 18ms -->
              <step title="Using GenericDeploymentLogParser" date="2025-11-04T12:15:39.777" /><!-- duration: 10ms -->
            </step><!-- duration: 129864ms -->
          </step><!-- duration: 130040ms -->
          <step title="Error occurred" date="2025-11-04T12:15:41.355" type="error" text="rsync: [receiver] write failed on &quot;/tmp/8de1b9b91aa8452/nav-app/.angular/cache/14.2.9/angular-webpack/2f8696c33d3955bc4b1cda658af77917ccb3d6f6/0.pack&quot;: No space left on device (28)
rsync error: error in file IO (code 11) at receiver.c(381) [receiver=3.2.7]
rsync: [sender] write error: Broken pipe (32)
rsync error: error in socket IO (code 10) at io.c(849) [sender=3.2.7]
rsync: [generator] write error: Broken pipe (32)
/bin/bash -c &quot;oryx build /tmp/zipdeploy/extracted -o /home/site/wwwroot --platform nodejs --platform-version 22 -p virtualenv_name= --log-file /tmp/build-debug.log  -i /tmp/8de1b9b91aa8452 -p compress_node_modules=tar-gz | tee /tmp/oryx-build.log ; exit $PIPESTATUS &quot;" stackTrace="   at Kudu.Core.Infrastructure.Executable.ExecuteInternal(ITracer tracer, Func`2 onWriteOutput, Func`2 onWriteError, CancellationToken token, Encoding encoding, String arguments, Object[] args) in /tmp/KuduLite/Kudu.Core/Infrastructure/Executable.cs:line 239
   at Kudu.Core.Infrastructure.Executable.ExecuteWithProgressWriter(ILogger logger, ITracer tracer, CancellationToken token, String arguments, Object[] args) in /tmp/KuduLite/Kudu.Core/Infrastructure/Executable.cs:line 118
   at Kudu.Core.Deployment.Generator.ExternalCommandBuilder.RunCommand(DeploymentContext context, String command, Boolean ignoreManifest, CancellationToken token, String message) in /tmp/KuduLite/Kudu.Core/Deployment/Generator/ExternalCommandBuilder.cs:line 122
   at Kudu.Core.Deployment.Generator.OryxBuilder.RunBuildCommand(IOryxArguments args, DeploymentContext context, CancellationToken token) in /tmp/KuduLite/Kudu.Core/Deployment/Generator/OryxBuilder.cs:line 295
   at Kudu.Core.Deployment.Generator.OryxBuilder.Build(DeploymentContext context, CancellationToken token) in /tmp/KuduLite/Kudu.Core/Deployment/Generator/OryxBuilder.cs:line 136
   at Kudu.Core.Deployment.DeploymentManager.Build(ChangeSet changeSet, ITracer tracer, IDisposable deployStep, IRepository repository, DeploymentInfoBase deploymentInfo, DeploymentAnalytics deploymentAnalytics, Boolean fullBuildByDefault, CancellationToken cancellationToken) in /tmp/KuduLite/Kudu.Core/Deployment/DeploymentManager.cs:line 771
   at Kudu.Core.Deployment.DeploymentManager.Build(ChangeSet changeSet, ITracer tracer, IDisposable deployStep, IRepository repository, DeploymentInfoBase deploymentInfo, DeploymentAnalytics deploymentAnalytics, Boolean fullBuildByDefault, CancellationToken cancellationToken) in /tmp/KuduLite/Kudu.Core/Deployment/DeploymentManager.cs:line 840" /><!-- duration: 4ms -->
          <step title="Cleaning up temp files" date="2025-11-04T12:15:41.485" /><!-- duration: 230ms -->
          <step title="Cleaning up temp files" date="2025-11-04T12:15:41.718" /><!-- duration: 516ms -->
          <step title="Error occurred" date="2025-11-04T12:15:42.273" type="error" text="rsync: [receiver] write failed on &quot;/tmp/8de1b9b91aa8452/nav-app/.angular/cache/14.2.9/angular-webpack/2f8696c33d3955bc4b1cda658af77917ccb3d6f6/0.pack&quot;: No space left on device (28)
rsync error: error in file IO (code 11) at receiver.c(381) [receiver=3.2.7]
rsync: [sender] write error: Broken pipe (32)
rsync error: error in socket IO (code 10) at io.c(849) [sender=3.2.7]
rsync: [generator] write error: Broken pipe (32)
/bin/bash -c &quot;oryx build /tmp/zipdeploy/extracted -o /home/site/wwwroot --platform nodejs --platform-version 22 -p virtualenv_name= --log-file /tmp/build-debug.log  -i /tmp/8de1b9b91aa8452 -p compress_node_modules=tar-gz | tee /tmp/oryx-build.log ; exit $PIPESTATUS &quot;" stackTrace="   at Kudu.Core.Infrastructure.Executable.ExecuteInternal(ITracer tracer, Func`2 onWriteOutput, Func`2 onWriteError, CancellationToken token, Encoding encoding, String arguments, Object[] args) in /tmp/KuduLite/Kudu.Core/Infrastructure/Executable.cs:line 239
   at Kudu.Core.Infrastructure.Executable.ExecuteWithProgressWriter(ILogger logger, ITracer tracer, CancellationToken token, String arguments, Object[] args) in /tmp/KuduLite/Kudu.Core/Infrastructure/Executable.cs:line 118
   at Kudu.Core.Deployment.Generator.ExternalCommandBuilder.RunCommand(DeploymentContext context, String command, Boolean ignoreManifest, CancellationToken token, String message) in /tmp/KuduLite/Kudu.Core/Deployment/Generator/ExternalCommandBuilder.cs:line 122
   at Kudu.Core.Deployment.Generator.OryxBuilder.RunBuildCommand(IOryxArguments args, DeploymentContext context, CancellationToken token) in /tmp/KuduLite/Kudu.Core/Deployment/Generator/OryxBuilder.cs:line 295
   at Kudu.Core.Deployment.Generator.OryxBuilder.Build(DeploymentContext context, CancellationToken token) in /tmp/KuduLite/Kudu.Core/Deployment/Generator/OryxBuilder.cs:line 136
   at Kudu.Core.Deployment.DeploymentManager.Build(ChangeSet changeSet, ITracer tracer, IDisposable deployStep, IRepository repository, DeploymentInfoBase deploymentInfo, DeploymentAnalytics deploymentAnalytics, Boolean fullBuildByDefault, CancellationToken cancellationToken) in /tmp/KuduLite/Kudu.Core/Deployment/DeploymentManager.cs:line 771
   at Kudu.Core.Deployment.DeploymentManager.Build(ChangeSet changeSet, ITracer tracer, IDisposable deployStep, IRepository repository, DeploymentInfoBase deploymentInfo, DeploymentAnalytics deploymentAnalytics, Boolean fullBuildByDefault, CancellationToken cancellationToken) in /tmp/KuduLite/Kudu.Core/Deployment/DeploymentManager.cs:line 840
   at Kudu.Core.Deployment.DeploymentManager.DeployAsync(IRepository repository, ChangeSet changeSet, String deployer, Boolean clean, DeploymentInfoBase deploymentInfo, Boolean needFileUpdate, Boolean fullBuildByDefault) in /tmp/KuduLite/Kudu.Core/Deployment/DeploymentManager.cs:line 266" /><!-- duration: 5ms -->
        </step><!-- duration: 131314ms -->
        <step title="Reloading status file with latest updates" date="2025-11-04T12:15:42.525" >
          <step title="WebHooksManager.PublishEventAsync: PostDeployment" date="2025-11-04T12:15:42.538" /><!-- duration: 176ms -->
        </step><!-- duration: 192ms -->
        <step title="Error occurred" date="2025-11-04T12:15:42.723" type="error" text="rsync: [receiver] write failed on &quot;/tmp/8de1b9b91aa8452/nav-app/.angular/cache/14.2.9/angular-webpack/2f8696c33d3955bc4b1cda658af77917ccb3d6f6/0.pack&quot;: No space left on device (28)
rsync error: error in file IO (code 11) at receiver.c(381) [receiver=3.2.7]
rsync: [sender] write error: Broken pipe (32)
rsync error: error in socket IO (code 10) at io.c(849) [sender=3.2.7]
rsync: [generator] write error: Broken pipe (32)
/bin/bash -c &quot;oryx build /tmp/zipdeploy/extracted -o /home/site/wwwroot --platform nodejs --platform-version 22 -p virtualenv_name= --log-file /tmp/build-debug.log  -i /tmp/8de1b9b91aa8452 -p compress_node_modules=tar-gz | tee /tmp/oryx-build.log ; exit $PIPESTATUS &quot;" stackTrace="   at Kudu.Core.Infrastructure.Executable.ExecuteInternal(ITracer tracer, Func`2 onWriteOutput, Func`2 onWriteError, CancellationToken token, Encoding encoding, String arguments, Object[] args) in /tmp/KuduLite/Kudu.Core/Infrastructure/Executable.cs:line 239
   at Kudu.Core.Infrastructure.Executable.ExecuteWithProgressWriter(ILogger logger, ITracer tracer, CancellationToken token, String arguments, Object[] args) in /tmp/KuduLite/Kudu.Core/Infrastructure/Executable.cs:line 118
   at Kudu.Core.Deployment.Generator.ExternalCommandBuilder.RunCommand(DeploymentContext context, String command, Boolean ignoreManifest, CancellationToken token, String message) in /tmp/KuduLite/Kudu.Core/Deployment/Generator/ExternalCommandBuilder.cs:line 122
   at Kudu.Core.Deployment.Generator.OryxBuilder.RunBuildCommand(IOryxArguments args, DeploymentContext context, CancellationToken token) in /tmp/KuduLite/Kudu.Core/Deployment/Generator/OryxBuilder.cs:line 295
   at Kudu.Core.Deployment.Generator.OryxBuilder.Build(DeploymentContext context, CancellationToken token) in /tmp/KuduLite/Kudu.Core/Deployment/Generator/OryxBuilder.cs:line 136
   at Kudu.Core.Deployment.DeploymentManager.Build(ChangeSet changeSet, ITracer tracer, IDisposable deployStep, IRepository repository, DeploymentInfoBase deploymentInfo, DeploymentAnalytics deploymentAnalytics, Boolean fullBuildByDefault, CancellationToken cancellationToken) in /tmp/KuduLite/Kudu.Core/Deployment/DeploymentManager.cs:line 771
   at Kudu.Core.Deployment.DeploymentManager.Build(ChangeSet changeSet, ITracer tracer, IDisposable deployStep, IRepository repository, DeploymentInfoBase deploymentInfo, DeploymentAnalytics deploymentAnalytics, Boolean fullBuildByDefault, CancellationToken cancellationToken) in /tmp/KuduLite/Kudu.Core/Deployment/DeploymentManager.cs:line 840
   at Kudu.Core.Deployment.DeploymentManager.DeployAsync(IRepository repository, ChangeSet changeSet, String deployer, Boolean clean, DeploymentInfoBase deploymentInfo, Boolean needFileUpdate, Boolean fullBuildByDefault) in /tmp/KuduLite/Kudu.Core/Deployment/DeploymentManager.cs:line 266" /><!-- duration: 1ms -->
        <step title="Marking deployment as failed and cleaning up the temp deployment" date="2025-11-04T12:15:42.831" /><!-- duration: 19ms -->
      </step><!-- duration: 133410ms -->
      <step title="Error occurred" date="2025-11-04T12:15:42.975" type="error" text="One or more errors occurred. (Deployment failed)" stackTrace="   at System.Threading.Tasks.Task.ThrowIfExceptional(Boolean includeTaskCanceledExceptions)
   at System.Threading.Tasks.Task.Wait(Int32 millisecondsTimeout, CancellationToken cancellationToken)
   at System.Threading.Tasks.Task.Wait()
   at Kudu.Core.Deployment.FetchDeploymentManager.&lt;&gt;c__DisplayClass22_1.&lt;PerformBackgroundDeployment&gt;b__3() in /tmp/KuduLite/Kudu.Core/Deployment/FetchDeploymentManager.cs:line 414
   at Kudu.Contracts.Infrastructure.LockExtensions.TryLockOperation(IOperationLock lockObj, Action operation, String operationName, TimeSpan timeout) in /tmp/KuduLite/Kudu.Contracts/Infrastructure/LockExtensions.cs:line 34
   at Kudu.Contracts.Infrastructure.LockExtensions.LockOperation(IOperationLock lockObj, Action operation, String operationName, TimeSpan timeout) in /tmp/KuduLite/Kudu.Contracts/Infrastructure/LockExtensions.cs:line 46
   at Kudu.Core.Deployment.FetchDeploymentManager.&lt;&gt;c__DisplayClass22_0.&lt;PerformBackgroundDeployment&gt;b__1() in /tmp/KuduLite/Kudu.Core/Deployment/FetchDeploymentManager.cs:line 393" innerText="Deployment failed" innerStackTrace="   at Kudu.Core.Deployment.DeploymentManager.DeployAsync(IRepository repository, ChangeSet changeSet, String deployer, Boolean clean, DeploymentInfoBase deploymentInfo, Boolean needFileUpdate, Boolean fullBuildByDefault) in /tmp/KuduLite/Kudu.Core/Deployment/DeploymentManager.cs:line 307
   at Kudu.Core.Deployment.FetchDeploymentManager.PerformDeployment(DeploymentInfoBase deploymentInfo, IDisposable tempDeployment, ChangeSet tempChangeSet, DeployStatusApiResult updateStatusObj) in /tmp/KuduLite/Kudu.Core/Deployment/FetchDeploymentManager.cs:line 230" /><!-- duration: 5ms -->
    </step><!-- duration: 133462ms -->
