<step title="Incoming Request" date="2025-11-04T12:53:51.484" instance="d9fa23" url="/api/deployments/latest?deployer=ms-azuretools-vscode&amp;time=2025-11-04_12-52-07Z" method="GET" type="request" pid="831,1,34" Host="talondesign-h5ayfddtfbdmb8ap.scm.uksouth-01.azurewebsites.net" User-Agent="vscode-azureappservice/0.26.4 core-rest-pipeline/1.20.0 Node/22.19.0 OS/(x64-Windows_NT-10.0.26200)" Accept-Encoding="gzip,deflate" Accept-Language="en" Authorization="Bea..." x-ms-correlation-request-id="80551a69-5946-42e7-86a9-afa351ec6184" x-ms-client-request-id="1ffe249d-74b8-4ce3-b834-3d29dba95f81" X-ARR-LOG-ID="1ffe249d-74b8-4ce3-b834-3d29dba95f81" CLIENT-IP="84.247.42.125:25532" X-SITE-DEPLOYMENT-ID="talondesign" WAS-DEFAULT-HOSTNAME="talondesign-h5ayfddtfbdmb8ap.scm.uksouth-01.azurewebsites.net" X-Forwarded-Proto="https" X-AppService-Proto="https" X-Forwarded-TlsVersion="1.3" X-WAWS-Unencoded-URL="/api/deployments/latest?deployer=ms-azuretools-vscode&amp;time=2025-11-04_12-52-07Z" X-Client-IP="84.247.42.125" X-Client-Port="25532" >
  <step title="Cleanup Xml Logs" date="2025-11-04T12:53:51.512" >
    <step title="Cleanup Infos" date="2025-11-04T12:53:51.706" totalFiles="425" totalCleanup="265" /><!-- duration: 80ms -->
  </step><!-- duration: 283ms -->
  <step title="DeploymentService.GetResult" date="2025-11-04T12:53:51.815" >
    <step title="DeploymentService.GetLatestDeployment" date="2025-11-04T12:53:51.823" >
      <step title="DeploymentManager.GetResults" date="2025-11-04T12:53:51.825" /><!-- duration: 442ms -->
    </step><!-- duration: 453ms -->
  </step><!-- duration: 472ms -->
  <step title="Outgoing response" date="2025-11-04T12:53:52.289" type="response" statusCode="202" statusText="Accepted" /><!-- duration: 27ms -->
</step><!-- duration: 834ms -->
