<step title="Incoming Request" date="2025-11-04T12:53:10.035" instance="d9fa23" url="/api/deployments/latest?deployer=ms-azuretools-vscode&amp;time=2025-11-04_12-52-07Z" method="GET" type="request" pid="831,1,35" Host="talondesign-h5ayfddtfbdmb8ap.scm.uksouth-01.azurewebsites.net" User-Agent="vscode-azureappservice/0.26.4 core-rest-pipeline/1.20.0 Node/22.19.0 OS/(x64-Windows_NT-10.0.26200)" Accept-Encoding="gzip,deflate" Accept-Language="en" Authorization="Bea..." x-ms-correlation-request-id="80551a69-5946-42e7-86a9-afa351ec6184" x-ms-client-request-id="4ce1d8bc-0e95-48af-baea-9740419a2386" X-ARR-LOG-ID="4ce1d8bc-0e95-48af-baea-9740419a2386" CLIENT-IP="84.247.42.125:36212" X-SITE-DEPLOYMENT-ID="talondesign" WAS-DEFAULT-HOSTNAME="talondesign-h5ayfddtfbdmb8ap.scm.uksouth-01.azurewebsites.net" X-Forwarded-Proto="https" X-AppService-Proto="https" X-Forwarded-TlsVersion="1.3" X-WAWS-Unencoded-URL="/api/deployments/latest?deployer=ms-azuretools-vscode&amp;time=2025-11-04_12-52-07Z" X-Client-IP="84.247.42.125" X-Client-Port="36212" >
  <step title="Cleanup Xml Logs" date="2025-11-04T12:53:10.037" >
    <step title="Cleanup Infos" date="2025-11-04T12:53:10.066" totalFiles="371" totalCleanup="211" /><!-- duration: 9ms -->
  </step><!-- duration: 60ms -->
  <step title="DeploymentService.GetResult" date="2025-11-04T12:53:10.114" >
    <step title="DeploymentService.GetLatestDeployment" date="2025-11-04T12:53:10.116" >
      <step title="DeploymentManager.GetResults" date="2025-11-04T12:53:10.135" /><!-- duration: 260ms -->
    </step><!-- duration: 291ms -->
  </step><!-- duration: 295ms -->
  <step title="Outgoing response" date="2025-11-04T12:53:10.418" type="response" statusCode="202" statusText="Accepted" /><!-- duration: 8ms -->
</step><!-- duration: 393ms -->
