<step title="Incoming Request" date="2025-11-04T12:54:48.236" instance="d9fa23" url="/api/deployments/latest?deployer=ms-azuretools-vscode&amp;time=2025-11-04_12-52-07Z" method="GET" type="request" pid="831,1,35" Host="talondesign-h5ayfddtfbdmb8ap.scm.uksouth-01.azurewebsites.net" User-Agent="vscode-azureappservice/0.26.4 core-rest-pipeline/1.20.0 Node/22.19.0 OS/(x64-Windows_NT-10.0.26200)" Accept-Encoding="gzip,deflate" Accept-Language="en" Authorization="Bea..." x-ms-correlation-request-id="80551a69-5946-42e7-86a9-afa351ec6184" x-ms-client-request-id="fc342e0e-dade-41e7-bf23-3c7a038c0931" X-ARR-LOG-ID="fc342e0e-dade-41e7-bf23-3c7a038c0931" CLIENT-IP="84.247.42.125:56730" X-SITE-DEPLOYMENT-ID="talondesign" WAS-DEFAULT-HOSTNAME="talondesign-h5ayfddtfbdmb8ap.scm.uksouth-01.azurewebsites.net" X-Forwarded-Proto="https" X-AppService-Proto="https" X-Forwarded-TlsVersion="1.3" X-WAWS-Unencoded-URL="/api/deployments/latest?deployer=ms-azuretools-vscode&amp;time=2025-11-04_12-52-07Z" X-Client-IP="84.247.42.125" X-Client-Port="56730" >
  <step title="Cleanup Xml Logs" date="2025-11-04T12:54:48.238" >
    <step title="Cleanup Infos" date="2025-11-04T12:54:48.279" totalFiles="494" totalCleanup="334" /><!-- duration: 19ms -->
  </step><!-- duration: 69ms -->
  <step title="DeploymentService.GetResult" date="2025-11-04T12:54:48.318" >
    <step title="DeploymentService.GetLatestDeployment" date="2025-11-04T12:54:48.319" >
      <step title="DeploymentManager.GetResults" date="2025-11-04T12:54:48.328" /><!-- duration: 223ms -->
    </step><!-- duration: 242ms -->
  </step><!-- duration: 252ms -->
  <step title="Outgoing response" date="2025-11-04T12:54:48.588" type="response" statusCode="202" statusText="Accepted" /><!-- duration: 2ms -->
</step><!-- duration: 355ms -->
